Start_Interval,End_Interval,Chosen_Security_Suite
1,1,4
2,2,4
3,3,1
4,4,3
5,5,2
6,6,2
7,7,5
8,8,4
9,9,5
10,10,2
11,11,4
12,12,4
13,13,1
14,14,1
15,15,3
16,16,3
17,17,3
18,18,2
19,19,1
20,20,5
21,21,5
22,22,1
23,23,2
24,24,1
25,25,1
26,26,3
27,27,3
28,28,5
29,29,1
30,30,1
31,31,1
32,32,3
33,33,5
34,34,5
35,35,1
36,36,2
37,37,2
38,38,4
39,39,3
40,40,3
41,41,3
42,42,3
43,43,3
44,44,2
45,45,1
46,46,3
47,47,5
48,48,2
49,49,4
50,50,5
51,51,5
52,52,1
53,53,3
54,54,4
55,55,5
56,56,4
57,57,3
58,58,4
59,59,5
60,60,2
61,61,2
62,62,2
63,63,5
64,64,1
65,65,3
66,66,4
67,67,4
68,68,1
69,69,2
70,70,2
71,71,3
72,72,3
73,73,5
74,74,5
75,75,5
76,76,5
77,77,3
78,78,2
79,79,5
80,80,3
81,81,3
82,82,1
83,83,4
84,84,1
85,85,4
86,86,2
87,87,2
88,88,3
89,89,4
90,90,4
91,91,1
92,92,2
93,93,3
94,94,1
95,95,2
96,96,2
97,97,3
98,98,4
99,99,4
100,100,3
101,101,4
102,102,2
103,103,2
104,104,2
105,105,5
106,106,5
107,107,2
108,108,5
109,109,4
110,110,3
111,111,4
112,112,5
113,113,2
114,114,2
115,115,2
116,116,3
117,117,1
118,118,1
119,119,5
120,120,3
121,121,1
122,122,3
123,123,3
124,124,5
125,125,5
126,126,5
127,127,3
128,128,3
129,129,4
130,130,4
131,131,2
132,132,3
133,133,5
134,134,5
135,135,5
136,136,5
137,137,5
138,138,3
139,139,3
140,140,2
141,141,2
142,142,3
143,143,5
144,144,3
145,145,5
146,146,4
147,147,3
148,148,1
149,149,4
150,150,4
151,151,5
152,152,3
153,153,3
154,154,3
155,155,3
156,156,4
157,157,4
158,158,3
159,159,4
160,160,4
161,161,4
162,162,4
163,163,5
164,164,1
165,165,3
166,166,1
167,167,5
168,168,5
169,169,5
170,170,3
171,171,2
172,172,1
173,173,3
174,174,3
175,175,2
176,176,1
177,177,4
178,178,2
179,179,3
180,180,2
181,181,4
182,182,2
183,183,2
184,184,3
185,185,4
186,186,5
187,187,3
188,188,3
189,189,5
190,190,5
191,191,4
192,192,1
193,193,1
194,194,1
195,195,5
196,196,5
197,197,5
198,198,3
199,199,5
200,200,2
201,201,1
202,202,5
203,203,4
204,204,3
205,205,2
206,206,2
207,207,2
208,208,5
209,209,3
210,210,2
211,211,2
212,212,1
213,213,5
214,214,5
215,215,4
216,216,3
217,217,3
218,218,4
219,219,2
220,220,1
221,221,3
222,222,5
223,223,1
224,224,3
225,225,2
226,226,2
227,227,2
228,228,3
229,229,5
230,230,3
231,231,2
232,232,2
233,233,5
234,234,5
235,235,1
236,236,1
237,237,1
238,238,4
239,239,3
240,240,3
241,241,3
242,242,3
243,243,3
244,244,2
245,245,4
246,246,4
247,247,4
248,248,3
249,249,3
250,250,5
251,251,5
252,252,2
253,253,4
254,254,5
255,255,5
256,256,4
257,257,2
258,258,2
259,259,3
260,260,5
261,261,5
262,262,3
263,263,2
264,264,2
265,265,5
266,266,5
267,267,5
268,268,2
269,269,5
270,270,2
271,271,1
272,272,3
273,273,5
274,274,1
275,275,4
276,276,2
277,277,2
278,278,5
279,279,2
280,280,5
281,281,5
282,282,3
283,283,4
284,284,5
285,285,5
286,286,1
287,287,1
288,288,3
289,289,4
290,290,3
291,291,5
292,292,3
293,293,3
294,294,2
295,295,5
296,296,2
297,297,2
298,298,2
299,299,3
300,300,5
301,301,4
302,302,5
303,303,5
304,304,4
305,305,4
306,306,2
307,307,2
308,308,1
309,309,5
310,310,5
311,311,5
312,312,5
313,313,1
314,314,5
315,315,3
316,316,3
317,317,5
318,318,5
319,319,3
320,320,3
321,321,5
322,322,5
323,323,3
324,324,2
325,325,4
326,326,4
327,327,2
328,328,1
329,329,2
330,330,2
331,331,3
332,332,3
333,333,2
334,334,5
335,335,4
336,336,4
337,337,3
338,338,5
339,339,5
340,340,4
341,341,4
342,342,4
343,343,3
344,344,1
345,345,1
346,346,5
347,347,3
348,348,2
349,349,5
350,350,3
351,351,2
352,352,3
353,353,3
354,354,1
355,355,5
356,356,5
357,357,4
358,358,4
359,359,4
360,360,3
361,361,4
362,362,4
363,363,3
364,364,2
365,365,2
366,366,4
367,367,4
368,368,2
369,369,4
370,370,4
371,371,5
372,372,4
373,373,4
374,374,2
375,375,1
376,376,3
377,377,3
378,378,5
379,379,4
380,380,4
381,381,4
382,382,4
383,383,2
384,384,4
385,385,4
386,386,2
387,387,5
388,388,3
389,389,5
390,390,5
391,391,4
392,392,5
393,393,1
394,394,1
395,395,4
396,396,2
397,397,3
398,398,2
399,399,5
400,400,3
401,401,3
402,402,5
403,403,1
404,404,4
405,405,5
406,406,4
407,407,4
408,408,2
409,409,5
410,410,2
411,411,5
412,412,5
413,413,4
414,414,2
415,415,3
416,416,4
417,417,4
418,418,4
419,419,5
420,420,5
421,421,3
422,422,3
423,423,3
424,424,3
425,425,4
426,426,1
427,427,1
428,428,2
429,429,4
430,430,5
431,431,5
432,432,3
433,433,4
434,434,4
435,435,2
436,436,4
437,437,2
438,438,4
439,439,2
440,440,3
441,441,3
442,442,2
443,443,2
444,444,2
445,445,4
446,446,4
447,447,2
448,448,1
449,449,4
450,450,3
451,451,5
452,452,4
453,453,3
454,454,1
455,455,4
456,456,4
457,457,3
458,458,3
459,459,2
460,460,3
461,461,3
462,462,1
463,463,1
464,464,3
465,465,3
466,466,3
467,467,3
468,468,2
469,469,3
470,470,4
471,471,4
472,472,4
473,473,5
474,474,5
475,475,5
476,476,4
477,477,2
478,478,4
479,479,4
480,480,5
481,481,5
482,482,4
483,483,4
484,484,2
485,485,3
486,486,4
487,487,4
488,488,2
489,489,4
490,490,1
491,491,2
492,492,3
493,493,2
494,494,2
495,495,5
496,496,5
497,497,3
498,498,3
499,499,4
500,500,4
501,501,2
502,502,3
503,503,4
504,504,2
505,505,4
506,506,1
507,507,3
508,508,2
509,509,4
510,510,4
511,511,4
512,512,4
513,513,1
514,514,3
515,515,4
516,516,4
517,517,4
518,518,4
519,519,4
520,520,2
521,521,4
522,522,5
523,523,2
524,524,4
525,525,4
526,526,4
527,527,3
528,528,3
529,529,5
530,530,3
531,531,3
532,532,3
533,533,2
534,534,1
535,535,4
536,536,5
537,537,3
538,538,2
539,539,3
540,540,1
541,541,3
542,542,5
543,543,4
544,544,4
545,545,1
546,546,5
547,547,3
548,548,3
549,549,1
550,550,3
551,551,4
552,552,3
553,553,2
554,554,4
555,555,4
556,556,2
557,557,3
558,558,2
559,559,5
560,560,4
561,561,1
562,562,5
563,563,5
564,564,2
565,565,3
566,566,4
567,567,4
568,568,5
569,569,2
570,570,2
571,571,4
572,572,1
573,573,1
574,574,2
575,575,1
576,576,3
577,577,1
578,578,3
579,579,4
580,580,4
581,581,3
582,582,5
583,583,1
584,584,2
585,585,2
586,586,3
587,587,2
588,588,5
589,589,5
590,590,2
591,591,3
592,592,3
593,593,2
594,594,3
595,595,1
596,596,1
597,597,4
598,598,1
599,599,2
600,600,2
601,601,2
602,602,4
603,603,4
604,604,2
605,605,2
606,606,2
607,607,3
608,608,3
609,609,5
610,610,3
611,611,2
612,612,4
613,613,2
614,614,1
615,615,2
616,616,3
617,617,4
618,618,4
619,619,3
620,620,1
621,621,1
622,622,5
623,623,5
624,624,4
625,625,3
626,626,3
627,627,3
628,628,4
629,629,4
630,630,4
631,631,4
632,632,3
633,633,2
634,634,3
635,635,4
636,636,1
637,637,4
638,638,4
639,639,3
640,640,2
641,641,2
642,642,2
643,643,4
644,644,5
645,645,3
646,646,3
647,647,2
648,648,2
649,649,3
650,650,1
651,651,4
652,652,3
653,653,4
654,654,5
655,655,4
656,656,3
657,657,1
658,658,1
659,659,3
660,660,3
661,661,3
662,662,5
663,663,5
664,664,4
665,665,5
666,666,1
667,667,1
668,668,5
669,669,5
670,670,5
671,671,5
672,672,3
673,673,4
674,674,4
675,675,5
676,676,3
677,677,5
678,678,5
679,679,5
680,680,5
681,681,5
682,682,5
683,683,4
684,684,3
685,685,4
686,686,1
687,687,4
688,688,2
689,689,3
690,690,3
691,691,2
692,692,4
693,693,1
694,694,1
695,695,3
696,696,4
697,697,4
698,698,4
699,699,4
700,700,3
701,701,3
702,702,5
703,703,3
704,704,5
705,705,3
706,706,2
707,707,5
708,708,5
709,709,3
710,710,3
711,711,3
712,712,4
713,713,5
714,714,5
715,715,5
716,716,3
717,717,3
718,718,4
719,719,4
720,720,5
721,721,3
722,722,4
723,723,2
724,724,4
725,725,5
726,726,3
727,727,1
728,728,4
729,729,1
730,730,3
731,731,3
732,732,3
733,733,5
734,734,3
735,735,4
736,736,4
737,737,1
738,738,3
739,739,5
740,740,4
741,741,2
742,742,2
743,743,3
744,744,1
745,745,3
746,746,2
747,747,3
748,748,2
749,749,2
750,750,3
751,751,5
752,752,2
753,753,2
754,754,2
755,755,4
756,756,2
757,757,2
758,758,2
759,759,1
760,760,5
761,761,5
762,762,2
763,763,3
764,764,5
765,765,5
766,766,1
767,767,1
768,768,2
769,769,4
770,770,4
771,771,4
772,772,4
773,773,4
774,774,4
775,775,4
776,776,3
777,777,1
778,778,1
779,779,2
780,780,2
781,781,4
782,782,4
783,783,4
784,784,3
785,785,5
786,786,4
787,787,2
788,788,3
789,789,4
790,790,2
791,791,4
792,792,5
793,793,4
794,794,5
795,795,2
796,796,2
797,797,5
798,798,5
799,799,3
800,800,3
801,801,5
802,802,5
803,803,3
804,804,4
805,805,4
806,806,4
807,807,4
808,808,2
809,809,2
810,810,1
811,811,5
812,812,3
813,813,4
814,814,5
815,815,2
816,816,5
817,817,1
818,818,2
819,819,4
820,820,4
821,821,1
822,822,5
823,823,5
824,824,5
825,825,4
826,826,4
827,827,3
828,828,3
829,829,4
830,830,2
831,831,4
832,832,5
833,833,4
834,834,4
835,835,4
836,836,3
837,837,4
838,838,2
839,839,3
840,840,3
841,841,5
842,842,3
843,843,4
844,844,4
845,845,3
846,846,5
847,847,5
848,848,4
849,849,4
850,850,5
851,851,2
852,852,4
853,853,1
854,854,3
855,855,5
856,856,1
857,857,4
858,858,3
859,859,3
860,860,3
861,861,1
862,862,5
863,863,3
864,864,4
865,865,5
866,866,1
867,867,3
868,868,4
869,869,3
870,870,4
871,871,2
872,872,3
873,873,1
874,874,5
875,875,1
876,876,5
877,877,2
878,878,3
879,879,3
880,880,4
881,881,1
882,882,3
883,883,5
884,884,5
885,885,3
886,886,4
887,887,2
888,888,2
889,889,3
890,890,4
891,891,5
892,892,5
893,893,1
894,894,3
895,895,5
896,896,1
897,897,4
898,898,4
899,899,2
900,900,4
901,901,3
902,902,2
903,903,3
904,904,3
905,905,2
906,906,2
907,907,4
908,908,4
909,909,1
910,910,1
911,911,1
912,912,4
913,913,3
914,914,5
915,915,5
916,916,4
917,917,4
918,918,2
919,919,2
920,920,3
921,921,3
922,922,1
923,923,4
924,924,4
925,925,3
926,926,3
927,927,4
928,928,4
929,929,4
930,930,3
931,931,3
932,932,4
933,933,4
934,934,5
935,935,5
936,936,5
937,937,5
938,938,3
939,939,3
940,940,2
941,941,3
942,942,3
943,943,1
944,944,1
945,945,4
946,946,1
947,947,3
948,948,1
949,949,2
950,950,3
951,951,3
952,952,3
953,953,5
954,954,5
955,955,4
956,956,4
957,957,3
958,958,3
959,959,4
960,960,4
961,961,2
962,962,3
963,963,4
964,964,2
965,965,4
966,966,4
967,967,5
968,968,1
969,969,4
970,970,5
971,971,2
972,972,5
973,973,1
974,974,3
975,975,3
976,976,1
977,977,3
978,978,2
979,979,4
980,980,3
981,981,1
982,982,4
983,983,2
984,984,2
985,985,2
986,986,1
987,987,3
988,988,2
989,989,3
990,990,4
991,991,4
992,992,3
993,993,3
994,994,3
995,995,4
996,996,5
997,997,5
998,998,3
999,999,5
1000,1000,4
