local_time,SINRr,d,Er,Sreq,Sth,K,t,Eh(i)
11/24/24 07:26,16.728958223933603,62.59949050644077,1.8881578233499328,4,4,7,1,2.0442128419381174
11/24/24 07:27,13.828480688887133,53.18801923746046,0.723695416150775,4,4,15,2,5.263554229448176
11/24/24 07:28,16.17687143365559,14.326980117661654,2.5531961838798076,1,1,14,1,3.9689209308500395
11/24/24 07:29,9.772902930743403,57.66985144117273,1.3763032070908612,4,3,9,3,2.0084968305915356
11/24/24 07:30,13.235201323664395,67.38015675974967,7.907814990645283,1,9,7,3,1.5160428836249247
11/24/24 07:31,12.86178430352675,78.71862318996004,1.3521964542803278,2,2,5,1,3.3569872635644247
11/24/24 07:32,11.576543439403277,39.78151234610949,5.748378223125599,5,7,9,1,6.145425971786641
11/24/24 07:33,11.995770247420074,9.343729746750409,0.24642897326263963,4,4,6,1,7.634077696047233
11/24/24 07:34,17.7820699767419,42.013583137188505,4.043594731760358,5,6,9,1,4.421547886918534
11/24/24 07:35,26.07679682910327,34.06969354556775,6.5345765434503935,1,9,13,3,2.582537783128741
11/24/24 07:36,19.077732664571954,47.399248342503,5.040368867465235,2,5,12,5,4.053844096694538
11/24/24 07:37,28.883011014881834,76.46106133507709,3.918580018064148,4,10,11,4,5.836716617540983
11/24/24 07:38,25.24706888553939,4.391845594506457,8.920636742808117,1,1,14,2,7.524582337930182
11/24/24 07:39,24.928768289979736,3.4444014942598207,4.318724532123016,1,1,10,3,6.19961895447107
11/24/24 07:40,19.047986508287735,68.88868432745868,4.7094289757002725,3,7,12,5,3.2448919278516897
11/24/24 07:41,5.305762556600772,78.04950244907543,2.295475602224444,3,6,9,4,3.7759601058562784
11/24/24 07:42,26.53865258652804,6.472897109745026,2.719168129480967,3,4,5,5,6.411592239294894
11/24/24 07:43,15.421795396728712,95.16518619223665,2.6753805974412805,3,2,10,3,8.196276971262133
11/24/24 07:44,20.863204374828552,14.737254437316047,1.6994330649214673,5,1,10,1,7.097703832832478
11/24/24 07:45,25.915172859044052,26.82952980243062,9.9863641167506,4,5,7,1,4.580597025928415
11/24/24 07:46,13.79803987613894,31.24998220482634,5.028192174555698,5,7,14,1,3.7764222534024476
11/24/24 07:47,10.975435239337404,48.114674529417684,4.268805492897025,1,6,12,3,5.500509287047324
11/24/24 07:48,13.044805120752994,4.636095426893458,4.233184729395501,1,9,10,5,7.385513369204406
11/24/24 07:49,26.198922368097403,93.20589976776843,7.70020038845258,2,1,12,1,6.936247186159064
11/24/24 07:50,21.580296882455976,76.80358431439483,6.778878405008414,3,1,10,2,4.2849310520847
11/24/24 07:51,13.959399689669503,15.610210659287107,7.1893378108843615,3,7,5,3,3.3954313142157604
11/24/24 07:52,19.908299740672923,19.882396436283273,8.566411623135965,3,8,13,3,4.827072574352696
11/24/24 07:53,26.050963661907044,5.898942960581232,0.468572900538305,3,9,14,3,7.435686467994192
11/24/24 07:54,20.44946741036112,46.739547458324346,4.911761445728381,5,1,14,1,7.992976439889094
11/24/24 07:55,6.656879717551571,76.83239339604133,2.7491770694986526,1,4,5,4,5.386763066908091
11/24/24 07:56,9.76543501455856,11.940369811701586,5.626554824793986,1,2,8,5,3.024947901240748
11/24/24 07:57,6.968306061827274,77.4243158685374,6.740922593669008,1,10,12,3,3.5965575694783305
11/24/24 07:58,12.396009002007649,2.4157912689324506,2.557766293905394,3,5,9,4,7.070412095827264
11/24/24 07:59,20.85832372252515,46.86187266523184,2.2084556937889106,5,9,13,2,8.070847701235612
11/24/24 08:00,9.614019979672175,94.07262484874087,8.158719786212659,1,1,8,1,5.605076795691035
11/24/24 08:01,5.960513488704443,30.46047665015754,9.693878710185162,2,10,7,2,3.869326633295362
11/24/24 08:02,21.20601789281011,71.63483465307,1.3249566077147086,2,10,9,5,4.242279545892623
11/24/24 08:03,26.526203064039567,2.6557028196443566,1.3771600752010247,2,4,10,3,6.62471303670071
11/24/24 08:04,14.966040762095702,91.5044843258698,4.3248568371509455,4,3,6,5,8.324762578124751
11/24/24 08:05,17.047819167623977,12.281930890995385,0.20890040332930004,1,3,8,2,6.897335833836054
11/24/24 08:06,28.038872835206845,12.57875807209796,1.8645188501033145,3,10,6,1,4.031477550213599
11/24/24 08:07,6.089818461085174,80.63217196204467,3.3667925124121423,3,3,11,1,3.401079848604276
11/24/24 08:08,12.788711976693033,62.66389712908806,1.2956869537351734,3,3,8,2,5.5547855372678345
11/24/24 08:09,28.556754060438745,59.86478081817157,6.40886526248593,3,2,10,2,8.501890815260726
11/24/24 08:10,9.582844422025921,50.44175424079788,5.523522539988079,3,1,15,4,7.533454227600951
11/24/24 08:11,18.11325697316852,44.61637753929134,1.6071987038642812,3,4,8,3,4.8870972484077715
11/24/24 08:12,28.62026326383917,54.56819686866574,7.6597879238436715,3,9,11,5,3.92447328078096
11/24/24 08:13,16.744091026605417,94.0844636525862,3.928656037501414,5,2,7,4,5.171482755693588
11/24/24 08:14,16.392604279646427,69.1675168110428,1.1891283908197356,2,7,8,3,7.602219087236865
11/24/24 08:15,12.743388183331648,75.99168627523609,7.903045057462983,4,7,8,2,8.049029355648694
11/24/24 08:16,11.520746823183003,93.28409175489794,2.5242143966240915,5,7,15,4,5.489014056722819
11/24/24 08:17,25.447108742499033,87.61859474777698,4.7361611966913175,2,1,8,2,3.8610717409982214
11/24/24 08:18,28.4124710249525,79.22512943087551,7.120909790209658,3,6,10,4,5.097188687269203
11/24/24 08:19,29.751795808745953,77.4879897374925,4.654356556808969,1,4,5,2,7.894885323773263
11/24/24 08:20,22.66023266837568,73.03262560819458,1.3437612700404713,5,6,12,2,9.09260354923309
11/24/24 08:21,24.92137983096335,74.83766815033859,0.6288285602579733,3,4,6,4,6.808034177647083
11/24/24 08:22,19.52037379397329,79.43976685067673,2.0470029437140203,5,3,15,2,4.22542985789824
11/24/24 08:23,28.264948819455356,68.42294539542381,8.406590499443608,3,4,15,1,5.1212071310194425
11/24/24 08:24,11.00206941494951,72.14367552182914,2.7438502416772823,5,10,10,2,8.188651447909951
11/24/24 08:25,10.9051646791766,80.00318667577638,0.4678526320870522,1,10,8,3,9.509918500077237
11/24/24 08:26,8.2260335441615,91.28458887859912,6.174406158019188,2,9,13,4,7.376433027571566
11/24/24 08:27,9.329758257484535,25.65689725225121,3.6125175003039933,1,4,11,3,4.469798666486858
11/24/24 08:28,16.88525715780772,79.41766296289693,3.51280510873151,2,6,15,2,4.0043831247590935
11/24/24 08:29,18.487593992607284,54.643243503924765,7.38744231746777,5,1,9,3,6.828178166855572
11/24/24 08:30,19.953479962991175,65.71262224996472,4.961013631543042,2,8,12,5,8.443313563162292
11/24/24 08:31,19.405330621131704,33.27786433446183,0.8440087690198711,3,6,11,1,7.65815226968855
11/24/24 08:32,8.838040423362617,54.818418460883805,8.947544199414052,4,5,5,5,5.135080069737884
11/24/24 08:33,22.32592257028347,69.2322586447687,7.318944651431468,4,1,15,5,4.702535977600462
11/24/24 08:34,17.480157575540353,63.97682657273592,4.551833918231928,2,7,6,3,6.241870028346934
11/24/24 08:35,12.257302624677683,53.81086577659373,7.583621825476402,2,2,7,3,9.17218909637336
11/24/24 08:36,17.87083441373408,89.80228858999989,2.6402326251998844,2,6,8,4,8.901901202433788
11/24/24 08:37,11.670678091869604,60.27345710436101,2.1496778671694767,3,7,7,1,5.701147604071753
11/24/24 08:38,29.722098613280835,75.89289917380431,3.060094632686239,2,10,14,2,4.156401497534358
11/24/24 08:39,25.695868926287964,4.290625218866569,0.9862011099470521,5,8,15,2,5.186144430733296
11/24/24 08:40,21.95328486647596,83.06848802146567,2.914851354346001,1,6,13,4,7.559669646170141
11/24/24 08:41,19.119829601701056,34.50229206102165,0.9638324809480429,5,5,12,1,8.271892522804528
11/24/24 08:42,11.520516495275302,95.62965006486786,2.9262661581315266,1,8,6,1,6.127389012020157
11/24/24 08:43,17.28649048417472,16.294251561042195,5.410745640193739,3,2,5,4,3.592987332400493
11/24/24 08:44,18.984337192700618,9.095391598094414,6.975265487774762,5,5,7,1,4.759893290959977
11/24/24 08:45,13.20645068224421,57.785251084028495,1.4378669339803376,3,4,5,2,7.451235628204918
11/24/24 08:46,24.233616484331375,67.00599274684251,4.925281279271146,1,4,10,1,9.179654020279234
11/24/24 08:47,22.057797090886925,41.45440498303305,2.233398303638452,3,1,15,3,7.7960064589212985
11/24/24 08:48,21.155558373642325,89.53777605947684,1.5534598164672577,4,6,5,2,4.77195825524827
11/24/24 08:49,29.794493717984224,4.195190334654379,6.033055291819727,3,1,14,1,4.847145072938967
11/24/24 08:50,18.6149503377914,61.38516583959567,4.805137221735945,4,4,6,1,7.263856860410316
11/24/24 08:51,9.574853881498267,72.31050539375526,9.348880038387053,2,7,11,5,9.134472153333999
11/24/24 08:52,10.548260478323133,82.7875021179062,8.973645616956507,1,7,8,4,7.931748481036026
11/24/24 08:53,29.700653200457285,30.474881594073523,5.5135475925794255,2,3,8,1,5.453980606440022
11/24/24 08:54,27.338768333580454,46.96481324857263,2.0405020522297765,5,4,5,4,4.696646588391965
11/24/24 08:55,9.664495438478045,46.65210851693433,0.5592737696543637,4,5,10,4,6.812505007093802
11/24/24 08:56,22.13760826696274,94.26872605567085,3.1494401766764213,1,4,8,5,9.586004360084244
11/24/24 08:57,7.309833058468655,22.656862376273946,7.537391361066962,1,8,15,1,9.165470498912553
11/24/24 08:58,13.129753477126659,49.11215848409303,7.641049075157036,2,8,13,4,6.512617753592396
11/24/24 08:59,11.369035716210542,41.877602355207124,5.260507908049131,3,1,13,3,4.622043835293894
11/24/24 09:00,5.742700624659348,86.1960185302761,9.998680785285304,1,4,14,5,5.353553310030089
11/24/24 09:01,6.999682296814342,12.630947413406215,5.811076106230815,2,9,7,4,7.819415510041573
11/24/24 09:02,21.766393336853287,13.445769985542087,2.7306995013723174,2,3,7,5,8.262473692922326
11/24/24 09:03,20.898428398153236,53.35415570521125,2.9690393704715348,3,8,11,3,5.806030148497175
11/24/24 09:04,15.900539294541769,89.27300311917631,4.093549698055101,4,4,14,2,4.003080298185007
11/24/24 09:05,21.318969293857087,23.005162452409333,2.318602961167487,3,6,9,3,4.635620704205976
11/24/24 09:06,17.685479243267853,8.486946379101788,6.816329065388038,3,7,11,4,6.809245606757218
11/24/24 09:07,27.509950723819838,54.50701489960045,5.343488785155614,4,2,13,3,8.15739998410519
11/24/24 09:08,24.734178651267083,6.05051404013984,7.735629078530604,1,2,12,4,6.270785227733647
11/24/24 09:09,22.87446203592538,63.859940495994856,4.175823135095737,3,2,5,4,4.393883039931859
11/24/24 09:10,23.221443638026834,4.8504228394756845,9.668957279251535,1,5,13,2,4.598979580525431
11/24/24 09:11,18.435340982551537,77.94709939495107,0.5674768614391128,5,9,13,1,6.908844976335473
11/24/24 09:12,17.996839999562432,44.04468122760774,2.702896378098391,2,5,9,4,9.420020053949212
11/24/24 09:13,21.03809191406612,11.967767930117676,1.5020595779283514,2,9,12,4,8.23237220103122
11/24/24 09:14,18.891525412914675,69.39085320183759,9.457841544714393,5,4,7,2,5.157748281523695
11/24/24 09:15,22.302820950318065,80.29623486717999,3.034535535059214,5,3,9,5,4.530918539301589
11/24/24 09:16,11.762679298335112,84.32371657766433,8.161539107963272,4,6,15,1,6.16192751820373
11/24/24 09:17,13.624490312494885,83.57233847089104,8.089942550340366,1,5,15,3,7.839082679247247
11/24/24 09:18,23.070611825925727,82.3335646436942,6.798848886211956,5,2,15,5,8.03819958622455
11/24/24 09:19,12.337397539251034,95.95429156607672,1.7842971917715404,2,4,15,1,5.3700343425949235
11/24/24 09:20,22.964602979472637,75.73912849006719,6.903660211093503,2,3,8,2,3.6922936850884476
11/24/24 09:21,21.94582934152125,90.32731919662393,4.918817978703931,2,3,15,2,5.139030044872832
11/24/24 09:22,13.292363612432224,88.93708980282602,5.197035175128935,3,1,12,4,7.472705927954747
11/24/24 09:23,14.488132890158047,36.492089918286176,2.602005598408982,2,1,15,3,7.606369690488082
11/24/24 09:24,16.640118985448353,19.343554333525617,4.673853227842259,5,5,14,3,5.387978416093404
11/24/24 09:25,24.378842325506596,89.07744998170907,2.37785970792984,3,10,12,1,3.3630326618457445
11/24/24 09:26,24.800354894221357,15.248763607837967,8.825511999706166,1,1,10,3,4.561286358519831
11/24/24 09:27,23.630022755259677,73.85241844738867,0.4521680393924612,3,7,10,5,7.702019117830959
11/24/24 09:28,12.539115849637662,61.7954106232733,8.062829353340423,3,6,13,2,8.373868056586446
11/24/24 09:29,15.311805168764012,77.30454480854682,8.567001004852784,3,8,12,2,6.312260285520086
11/24/24 09:30,19.925858891265158,51.27395544053725,7.9651304387593385,5,9,6,1,3.442886086524028
11/24/24 09:31,22.389789349795524,68.34690284215924,0.4324111273967801,5,8,13,1,3.911888011991782
11/24/24 09:32,18.874743168392346,46.037428945510236,7.8565223055544635,5,3,11,3,6.365703715060091
11/24/24 09:33,8.994803279592396,3.6067612423302196,3.8452998590595073,3,8,13,5,8.154996351387101
11/24/24 09:34,11.326665351518386,13.466642467611806,0.218720004091306,3,9,5,4,6.692351827304009
11/24/24 09:35,21.879058755347735,4.967190705993055,1.798431273829362,4,10,8,5,4.316408018732077
11/24/24 09:36,10.601063208972748,6.935552964105425,0.3548316397077218,2,2,13,3,3.3814529202730825
11/24/24 09:37,21.4798513065073,73.46429431468144,7.531396823682851,2,6,11,1,5.355330671767457
11/24/24 09:38,14.890467091871288,65.1033479243119,7.654366457469825,3,5,15,2,8.538594996215023
11/24/24 09:39,21.9842814247634,2.4184890932457477,7.944503806743116,5,9,6,1,7.321055194123392
11/24/24 09:40,6.131027367977302,47.2675726260964,0.626828400715168,5,6,11,3,5.260587052499502
11/24/24 09:41,11.104841076291986,17.121769615602165,7.946178373186444,1,10,12,5,4.252915806261804
11/24/24 09:42,8.468371326334305,44.32837068447343,3.3103267029109054,5,7,5,4,5.694047635708381
11/24/24 09:43,28.592794227675487,4.806259006339313,2.3851296247930627,1,8,10,1,8.29807964044741
11/24/24 09:44,9.270190472082597,83.72567408273916,9.58298245024294,3,5,12,4,9.505722152877151
11/24/24 09:45,9.106367821606202,86.63511824709398,5.369412934532562,2,3,7,3,7.033835360255135
11/24/24 09:46,5.6039874844454225,56.80677143731711,0.22517199798797854,2,6,10,3,4.637591318669335
11/24/24 09:47,6.929798457369278,19.56853544618034,9.152994974164262,2,6,11,5,5.773607401642328
11/24/24 09:48,20.468157307705443,16.326752753436892,0.18308158984089834,3,5,15,2,8.048743050144505
11/24/24 09:49,14.1103975260613,28.173415930895764,9.041892133357308,5,3,11,3,8.514528680321682
11/24/24 09:50,28.28465969125279,5.37170854902539,3.9706985588230017,5,10,6,5,7.088491807425338
11/24/24 09:51,21.587410739268865,26.096895701733224,1.1439010133922887,4,6,12,1,4.434524508653271
11/24/24 09:52,15.426237352715125,19.596788682596113,2.0429592334083413,2,3,7,1,5.259254536939724
11/24/24 09:53,7.328768716663662,80.17449201567241,2.404926416408092,5,1,13,3,7.171251763753647
11/24/24 09:54,14.04280679852119,28.316471459946616,9.064442449879786,2,7,8,4,8.61022261316793
11/24/24 09:55,11.792416317416212,94.08847495926213,7.513274325948646,4,10,10,5,7.120116798161199
11/24/24 09:56,26.968303057691433,23.510004645174345,1.9054127793278754,3,7,14,4,4.053309634399505
11/24/24 09:57,13.348529657934241,1.8529005158950147,0.6100658392479326,5,3,5,4,3.4881716772172005
11/24/24 09:58,21.663938555089082,92.39053619008168,3.0033131150084738,5,3,5,5,5.957585930541579
11/24/24 09:59,5.388581307084113,94.57500765420131,5.232115906908376,1,9,12,5,7.7779077520756355
11/24/24 10:00,8.021776753326053,52.58362674637887,2.9829844971601434,3,3,15,2,6.724046767575135
11/24/24 10:01,24.25772475548988,7.868999734430175,1.564739915809691,1,9,10,1,4.979333277471452
11/24/24 10:02,10.703159146919775,16.39561401490751,5.7409012373295125,4,5,13,4,3.637160302801633
11/24/24 10:03,20.310745164316067,27.16907637096882,3.284754334635909,3,9,11,1,5.341921470112823
11/24/24 10:04,8.087986880309082,19.2651781378438,9.06175105324737,3,4,13,5,8.217029996033615
11/24/24 10:05,27.51244642256919,72.12301907354328,3.0791941039027515,4,4,9,5,7.67808546690257
11/24/24 10:06,26.133635238011195,51.28533409509011,5.172686845578351,4,5,15,3,5.374861847986452
11/24/24 10:07,14.215438687354482,92.21770374892718,1.9348928629930027,4,8,11,4,4.293087000080192
11/24/24 10:08,13.564494084127547,87.08130115501325,5.306684396228202,3,7,5,3,5.676338169833947
11/24/24 10:09,21.00325415980256,25.53920673983912,0.6036412029182441,5,1,10,5,7.8847094599273815
11/24/24 10:10,26.31171293615339,38.30635213215524,1.487556026173239,1,8,15,3,8.638456294497118
11/24/24 10:11,25.203477202684596,79.38358237541308,5.043071433414183,3,1,15,5,6.280450916754858
11/24/24 10:12,17.499396231302022,14.864529769376723,9.697953779301912,5,9,10,3,5.020758985580444
11/24/24 10:13,10.052740389577774,22.7940909587813,1.5702881467472327,1,7,11,3,4.997737757975512
11/24/24 10:14,25.877738743658675,53.50931132313105,3.920733092422141,5,6,12,3,7.1443833443200955
11/24/24 10:15,23.878688235214216,50.27204914592564,3.3478158422382327,3,7,15,4,8.706199354183475
11/24/24 10:16,7.423662438076785,20.61207932988944,5.659119456753774,2,4,14,1,6.526088378766494
11/24/24 10:17,13.402676836417394,73.83319804550074,0.8538660526828763,1,1,14,2,3.7945253947144293
11/24/24 10:18,29.987665012465474,17.63876176578366,9.21306378712947,2,9,12,3,3.759104262760489
11/24/24 10:19,11.97217072223828,56.963602214083366,9.259635954249433,3,8,9,3,6.268876342444689
11/24/24 10:20,21.803967887600844,82.73405140030212,7.518151430216016,1,2,10,2,7.5175190210184475
11/24/24 10:21,20.270090953413153,42.7040421210045,4.9327264411848235,5,1,9,3,6.875594806232886
11/24/24 10:22,22.20018597372126,52.341865170502054,3.866923091474955,4,5,15,4,4.121990722721062
11/24/24 10:23,5.090821155868778,14.087102840452117,4.251323884293722,2,2,12,3,3.4598055701374792
11/24/24 10:24,12.36080769903726,38.44297711827847,8.318986309783641,3,10,15,3,5.964982259257848
11/24/24 10:25,13.307147647072014,25.480544703301707,2.763580657026833,1,4,10,5,7.9538279675649814
11/24/24 10:26,5.606844014165381,79.26960768383422,8.967517365401125,2,8,7,2,8.219325546234339
11/24/24 10:27,22.582286411599622,29.080711933973998,3.922567894905302,4,2,15,2,6.122773012151426
11/24/24 10:28,18.784732576448985,37.6542683859233,2.96300271907759,4,2,10,1,3.9746902311750487
11/24/24 10:29,26.504383805893664,35.66255087705336,3.6673944121444224,4,3,13,5,5.219242290452054
11/24/24 10:30,23.553208562262675,74.2811221899379,6.864370346762228,4,4,7,1,7.725158804457083
11/24/24 10:31,13.7569189400069,4.194430424626869,0.6759549547352498,5,8,7,5,8.287009509066298
11/24/24 10:32,17.970311411868654,10.066652092232527,0.16453193827727847,3,5,8,1,6.939083395817536
11/24/24 10:33,19.7587990146562,41.71407718218809,7.673471523412292,2,3,13,4,5.033024342614347
11/24/24 10:34,19.011364998651253,48.824938613034455,8.0333246354906,5,10,6,1,5.286163922431466
11/24/24 10:35,11.735076715495827,56.74640191552575,7.932577773257309,5,10,8,5,7.856399029367676
11/24/24 10:36,28.74535785565377,3.408502270992821,8.861295281502539,3,10,12,2,9.135426922741395
11/24/24 10:37,20.950242977108328,77.8819564818294,5.308721393101656,4,1,6,3,6.765432990614562
11/24/24 10:38,23.895160346231492,5.064493027598343,7.841682403699654,1,1,5,5,4.797307269373358
11/24/24 10:39,29.62822388014718,11.061812933752014,5.981358233569095,2,1,10,2,4.669395716807628
11/24/24 10:40,24.80834476863085,45.64160763096811,0.5751711585142294,5,7,15,1,7.086777727049846
11/24/24 10:41,22.357265921198916,46.55470791635191,0.750878142677508,2,6,15,1,8.866627538118095
11/24/24 10:42,13.329181172554936,52.32536240563213,5.883756861573919,5,7,15,4,7.4903207927584345
11/24/24 10:43,20.137507769806156,59.904445202467436,3.593797082264914,5,3,7,5,4.076477699131077
11/24/24 10:44,20.814043693600425,98.94746048476009,1.9737893082092575,5,9,13,1,3.428553288058266
11/24/24 10:45,19.27458824059825,98.5719952000077,9.945034914816363,3,2,11,4,5.607753593335385
11/24/24 10:46,19.735488888493094,2.4983135635825087,1.5920980722465254,4,1,12,2,7.708518385652898
11/24/24 10:47,27.51838988874684,87.8920067148461,8.126044565358336,2,5,13,3,7.424426225382201
11/24/24 10:48,24.042605200449064,57.986282161637135,7.854836857579465,5,4,12,3,5.332557059728682
11/24/24 10:49,22.344418942836466,50.045697586319044,9.941500996813602,3,8,15,4,4.70125130157008
11/24/24 10:50,24.85655629530861,37.273197215279744,6.173855648316085,2,7,12,5,5.906585181197994
11/24/24 10:51,7.844038048854658,97.75171578548397,2.6965946580062243,1,8,11,1,8.01929329649551
11/24/24 10:52,18.86859853817887,10.995519948436282,4.624240765943509,2,2,15,4,8.547235488396085
11/24/24 10:53,14.486260232865865,79.88578230937395,5.273878043428764,5,9,13,4,6.479493747083497
11/24/24 10:54,14.277977379553523,31.735541269322063,5.385889452116203,3,10,5,2,4.098759203579522
11/24/24 10:55,8.451502590584106,64.19621623099798,3.061585854424636,2,4,8,4,5.411815085141937
11/24/24 10:56,16.70063059638276,82.23810262859305,4.275657940268566,2,5,12,1,8.336046196391193
11/24/24 10:57,14.840822746005673,65.7717261380057,1.116547754839962,1,7,8,4,8.87218758857294
11/24/24 10:58,15.161026409397907,54.925863246801164,5.913994966538711,1,7,13,3,6.824128963298277
11/24/24 10:59,15.324914524158196,17.75681811553098,7.022443670204091,5,9,14,1,4.202452298969125
11/24/24 11:00,20.401760999611703,84.05086362116249,8.329957175248762,4,4,6,3,3.8606191544335515
11/24/24 11:01,14.559237763270401,64.76128427239877,5.741935054833693,4,3,13,4,6.946404578536924
11/24/24 11:02,6.4619119988893114,17.43496455234337,3.7738985732394013,3,3,13,4,8.196178392429669
11/24/24 11:03,13.377461459262763,41.240585094376875,6.61198785430527,2,7,6,4,6.673733662505267
11/24/24 11:04,6.43154493818102,28.398619228699012,0.6939968493227823,4,2,7,4,4.498959885683387
11/24/24 11:05,18.06079947657183,89.84555747021896,8.161679858037786,1,4,7,1,3.5674105762162953
11/24/24 11:06,16.982441812282424,42.27645739423575,8.703024514920921,1,3,5,1,5.524412579398883
11/24/24 11:07,10.695480526716976,87.4139268293107,6.843097348258598,4,5,11,1,7.431744071366533
11/24/24 11:08,6.228206522845257,93.68151763105168,8.24981557002513,5,1,14,5,6.871586018997983
11/24/24 11:09,9.359642200493496,72.22032964864796,2.0277266539450105,2,6,13,4,3.9826505523171685
11/24/24 11:10,9.870091348173705,38.15471434223331,5.1866238046730775,3,2,11,3,2.419334409126327
11/24/24 11:11,12.858669193718622,12.723982872309094,7.772439535229544,2,4,8,1,3.8463631217987366
11/24/24 11:12,6.3917537734339795,15.094640628937839,5.137035789576343,2,4,15,3,6.371061119252722
11/24/24 11:13,14.838834598381741,48.33102872664741,8.912676879288615,1,6,15,1,6.951465686606802
11/24/24 11:14,5.143120892579221,35.01399182701662,2.254248671370104,3,10,5,5,4.831329111222393
11/24/24 11:15,15.20464952287404,28.282520058539813,1.1097788499621761,5,3,13,1,3.762824760690183
11/24/24 11:16,20.298444544091353,57.29937397033926,1.84061082939682,2,9,14,2,4.584858166489184
11/24/24 11:17,12.021439164524637,88.05106014984855,1.9074894927412251,2,2,5,5,7.4841380400157265
11/24/24 11:18,13.874366317566098,22.875365424258373,4.821752103759335,5,9,8,4,8.579392882685488
11/24/24 11:19,20.54549230953127,34.23820378294223,5.4683263408542215,5,9,13,2,6.397232874165435
11/24/24 11:20,24.288016732335052,81.16406244011198,5.773027581654313,2,1,11,3,3.9729690206207615
11/24/24 11:21,27.62494983878261,82.18145277478267,3.2407500066856705,3,1,15,1,4.544392119228938
11/24/24 11:22,12.764603494208426,89.74892679564863,4.756221864663804,3,1,11,3,6.7029208576821
11/24/24 11:23,10.370247250261981,51.61621554959699,4.054772052688291,4,7,8,5,8.092673799749603
11/24/24 11:24,16.950205554734932,66.36563100513403,6.331193587180151,1,4,11,1,6.877573866115615
11/24/24 11:25,24.169959279552764,25.925454812569978,8.742198477199974,3,5,6,2,3.870598474617459
11/24/24 11:26,19.483182096178176,22.506524445288523,7.314482217535771,3,8,12,1,3.9119342094002922
11/24/24 11:27,6.383318501656694,36.65765951558988,4.214371462049955,1,3,10,5,6.236326468418227
11/24/24 11:28,25.61628311996119,27.336012695920317,2.009797166727508,3,10,5,1,8.775714890883192
11/24/24 11:29,18.850598246187815,61.06998760622732,3.4166117622083823,2,9,11,5,7.09638827992349
11/24/24 11:30,8.103886668361236,65.90439588479919,2.02394938767095,2,6,9,5,4.593126299367023
11/24/24 11:31,7.8197519163808025,80.82839149574123,8.812863069754014,4,6,15,2,3.120858869303454
11/24/24 11:32,24.184526936503495,61.49067251724344,3.0057099870830046,4,4,12,5,5.492443486693368
11/24/24 11:33,19.638550105047187,88.32181964845188,9.185238038856628,3,4,15,5,7.280305113620479
11/24/24 11:34,6.148261008201743,78.06630873393559,0.37442065683804127,2,10,12,3,7.093806193223174
11/24/24 11:35,23.14680577222235,31.93427928708686,3.6495861341600935,3,8,12,3,5.507898623410189
11/24/24 11:36,25.283512967301082,86.19419707234627,8.131457997274502,5,8,14,5,3.5536067662987665
11/24/24 11:37,25.65823417316115,40.646080570965744,4.194659576471855,4,2,11,4,5.090968397114417
11/24/24 11:38,7.992185585950324,65.83403310414081,6.425893567487485,4,5,10,3,8.279162172900117
11/24/24 11:39,26.243020404255674,36.93934089193022,1.1244261112820955,1,6,12,4,9.424622373590338
11/24/24 11:40,9.034502841165622,58.471978304031204,0.7476025083847015,5,8,8,2,7.254216749165369
11/24/24 11:41,18.368739376946117,54.89955441026528,0.7843763133997127,4,6,5,3,4.455708977598671
11/24/24 11:42,10.38965714206412,55.614890415481135,8.274551291224874,2,2,7,5,4.348452616917588
11/24/24 11:43,5.001262571267355,28.517871938797818,8.460774817517345,2,4,8,3,6.960041695873641
11/24/24 11:44,10.138489915685334,86.41092490245185,5.845473318465639,1,7,10,4,8.297580107626699
11/24/24 11:45,23.523703035308777,65.68662517992266,4.720676032074992,3,5,6,4,6.935519218550029
11/24/24 11:46,17.1065987956508,45.2102800741467,9.334166860231054,5,7,5,4,4.113117658272052
11/24/24 11:47,15.240856964527337,50.075353669084336,0.15187253164248865,2,3,9,5,4.477991525675386
11/24/24 11:48,6.918774657256988,14.048760904445718,9.689143707302348,4,2,11,5,6.734193795813804
11/24/24 11:49,15.20235199740058,89.06546775432214,5.855096541403904,4,2,5,4,9.650808737621468
11/24/24 11:50,6.455230586656118,17.651308685517748,3.167786129781768,3,8,12,1,8.599127442676998
11/24/24 11:51,6.332165291889536,19.404589736783972,1.6793818759174715,5,6,15,3,5.610605029540593
11/24/24 11:52,28.047669755944145,54.2651422752431,7.119623633525963,4,8,10,3,4.411128579161586
11/24/24 11:53,22.299094734931728,65.62000589593616,2.3828224763785033,5,2,13,1,5.936506427966989
11/24/24 11:54,5.2569115409257225,77.49577914709077,0.25998102035669995,5,8,14,1,8.111539922605957
11/24/24 11:55,13.178589368236485,55.25037677415873,4.382593620104618,3,2,8,3,8.540299851107102
11/24/24 11:56,6.07312553496457,67.01035837671107,3.6833907702386854,2,1,13,5,5.755991685784584
11/24/24 11:57,10.060584172510055,11.776415298137842,3.4166625770142964,3,6,7,4,4.093010953844615
11/24/24 11:58,27.365350686719953,58.12120094657936,0.5435153399107493,1,9,8,4,5.615563983229535
11/24/24 11:59,17.76673866286083,80.38717640060706,1.700569908423724,5,1,7,3,8.356252854967934
11/24/24 12:00,17.45952044891858,60.727244777640074,0.5612876005406855,3,4,12,1,8.689385476987141
11/24/24 12:01,29.721459780303555,84.59218181683062,5.458033584829486,5,2,10,1,6.379431834381569
11/24/24 12:02,16.056658358030838,18.09445682301371,7.837240105947471,4,2,12,1,3.9336873370254755
11/24/24 12:03,22.633121155120822,13.518379189382298,5.679639446155427,5,5,14,3,4.871809537089873
11/24/24 12:04,22.931949987573326,60.045351762219624,7.019912203762121,1,8,12,1,6.6725922297579165
11/24/24 12:05,27.679605290411715,93.05258424767818,0.5263371607388869,2,8,5,5,7.986034471981194
11/24/24 12:06,12.046369393411826,76.95929458365814,1.8797807696682822,5,9,5,2,6.611169700709695
11/24/24 12:07,9.350886434411757,86.64482215971739,6.502136359384892,4,3,12,4,4.661852377418754
11/24/24 12:08,27.66699099579942,83.82209694913773,3.194865281028702,2,8,7,5,3.8744456370887246
11/24/24 12:09,14.188733462642999,42.991796987783204,6.433035107653748,4,9,5,4,6.41953620254726
11/24/24 12:10,29.24678235354984,40.14230822082612,2.408409552157804,5,7,6,4,9.177166297278347
11/24/24 12:11,20.50335249534597,31.54787846657623,9.961485844649204,4,1,13,5,7.620541854511739
11/24/24 12:12,21.830749577514297,59.456950762792225,4.992459479613317,1,1,15,2,5.4904935450767995
11/24/24 12:13,17.623737646249914,98.95949306156717,4.621831463402724,1,3,10,5,4.680538587972133
11/24/24 12:14,7.982219250713575,29.4637170383484,8.526881254552077,4,7,6,1,6.565103314030318
11/24/24 12:15,16.66310636479163,23.927750057915908,9.916077739625964,2,3,15,1,8.717021731124415
11/24/24 12:16,22.32058213139239,30.889660166083104,3.3200352054951523,5,7,12,5,8.42064441849188
11/24/24 12:17,24.939728643821468,47.59516044756994,9.78096122488517,3,8,13,5,5.951452351248669
11/24/24 12:18,25.758874838096787,52.06969414144589,4.927198884581891,3,6,10,3,4.779441584990123
11/24/24 12:19,21.51950015320863,36.28183993850485,7.547580607707634,1,7,6,4,5.714640314081519
11/24/24 12:20,7.778504611362928,40.70784509052842,4.24311487824377,2,5,11,4,7.635137751584234
11/24/24 12:21,12.480300330941933,95.15019438650346,6.306277969650237,5,2,7,2,7.992358910262986
11/24/24 12:22,6.477594686511946,48.47301120983667,7.805476317406913,2,10,14,5,5.010030227371497
11/24/24 12:23,9.449219997625892,93.80265790771143,4.350940586294089,2,5,7,5,3.929251010193835
11/24/24 12:24,7.812535552422507,52.54409053993965,3.733306100415162,1,9,15,4,4.8680674395664765
11/24/24 12:25,5.130810010444349,7.755328908877661,1.5100263036874122,3,8,11,4,7.622156905630096
11/24/24 12:26,28.63767793726988,92.4199834755472,3.898156810079851,5,4,12,4,9.265792975748711
11/24/24 12:27,6.775191169559867,74.04525347654622,3.440894823787963,1,5,9,1,7.603296935400861
11/24/24 12:28,6.210118396926177,18.29445888235426,3.9192782874860734,5,8,6,2,4.691703796204015
11/24/24 12:29,18.729907914999316,69.59457911040548,8.231413713544168,4,5,7,2,4.362184100160685
11/24/24 12:30,7.682846096547239,58.88342711971397,1.178675308092563,4,6,10,2,6.224217419785444
11/24/24 12:31,20.830289913940433,91.45607265826851,7.707891240307191,1,2,12,3,7.59069398949946
11/24/24 12:32,12.213836789616124,61.29834172625289,9.717785674590058,2,6,5,4,6.633016397765687
11/24/24 12:33,12.185062079880424,43.83868693402637,8.983630391640709,1,1,11,3,4.742182262208121
11/24/24 12:34,10.077873847231245,58.90238457820368,6.043202244759227,3,8,5,2,4.0263572923518955
11/24/24 12:35,22.555873968148262,73.13618080710836,3.391479248286886,5,8,11,4,5.94469136636079
11/24/24 12:36,13.895657044666866,66.71471219823214,2.1125404304817454,2,5,13,1,8.179686967021116
11/24/24 12:37,10.890968278727325,5.876862501591259,7.299446318296373,5,10,10,4,7.7776086134375175
11/24/24 12:38,6.55229887699441,86.23671834248579,3.897723893825024,3,1,15,2,5.454090981668128
11/24/24 12:39,25.5820807137263,10.410056859941024,3.207457863010374,2,7,12,1,4.099553776983743
11/24/24 12:40,26.535398811282807,89.64700605039448,3.787327708814904,5,3,15,4,5.390505475233009
11/24/24 12:41,14.008217821769787,4.782814380148787,2.703184593970674,3,10,14,2,8.191151174475932
11/24/24 12:42,8.081756176950881,82.54328144330222,5.461357372716918,1,9,8,1,9.0657784113986
11/24/24 12:43,20.104611470772312,56.852093089287195,6.423767492312615,5,6,6,5,5.78165396616603
11/24/24 12:44,7.367258288875762,58.680347380063075,2.8496175926018994,2,7,9,5,3.570912986794476
11/24/24 12:45,13.115533636397048,94.27562622269723,6.677090037696921,3,3,10,3,4.19601461290299
11/24/24 12:46,11.289263003477055,35.58123655481523,0.7803455737996222,2,6,12,3,7.159492883652953
11/24/24 12:47,7.15495528070222,48.48643571436015,5.813208383783861,5,6,10,5,8.22422628669412
11/24/24 12:48,27.55261578386859,45.804088004941825,0.8359331916032668,3,8,13,4,6.245651205147877
11/24/24 12:49,24.429102352992132,40.78450878719103,8.194726867186272,3,2,14,1,5.119138778615098
11/24/24 12:50,14.794396203906084,95.3062210059685,3.517713430975912,2,8,15,3,5.062184593358363
11/24/24 12:51,14.559850358499306,50.112595861114656,1.9006647246839041,4,9,5,4,7.353059326433799
11/24/24 12:52,19.141934459530596,58.24629297076922,3.3279218083648834,4,2,11,3,8.827379222331231
11/24/24 12:53,19.333447090764825,58.825241862774725,4.372856224325291,1,5,9,4,6.576845250169803
11/24/24 12:54,10.926228103610404,58.302992843349614,7.29801864100619,1,6,5,3,3.649296526974733
11/24/24 12:55,14.78606342121499,87.55423219302021,7.111824873107652,2,9,7,4,3.918430643374512
11/24/24 12:56,21.838228384191943,97.86941385994146,1.1304972411897263,1,4,15,3,6.0524373764305235
11/24/24 12:57,25.905173206144077,42.05067218532566,6.694727183210225,3,8,13,3,7.709874081900249
11/24/24 12:58,5.324151393057551,94.97831027428869,5.770367840591282,3,2,11,3,7.525239472155597
11/24/24 12:59,25.981037317549962,98.48086540797235,7.9397815499725795,5,9,6,1,4.5543067252542455
11/24/24 13:00,17.644812653704793,51.981859250366625,0.5583688804055122,4,5,8,4,3.736288712918879
11/24/24 13:01,29.548227556179516,72.66902633936908,2.1355843024759373,4,6,6,3,5.561924168600081
11/24/24 13:02,16.728365181010258,53.39344203780995,8.847081073143308,3,4,5,4,8.073634826768533
11/24/24 13:03,27.4221775548674,38.937903064624976,4.758657699414033,3,6,5,4,8.056876586430505
11/24/24 13:04,21.38477416981072,94.88323615300207,3.3781062309377377,5,8,14,1,5.10543084160779
11/24/24 13:05,18.029146656532856,86.13161466344641,4.547062632117516,2,8,13,4,3.519130018206666
11/24/24 13:06,6.467143417791944,56.12019999709583,6.07686527715539,4,7,6,4,5.3008287489037755
11/24/24 13:07,22.841703483960863,37.80611842431015,1.5566950561507442,4,8,10,3,8.455400247074504
11/24/24 13:08,29.636837931205875,31.841117680062084,1.7267561911369564,4,3,9,2,9.706566093309771
11/24/24 13:09,29.42650305554456,59.80926603585497,3.665278784328314,1,1,10,2,6.80710055852117
11/24/24 13:10,14.812733485182823,64.3906247743316,9.74123287696025,1,1,11,5,5.139657553338177
11/24/24 13:11,28.919237041541912,54.16107730525216,9.822591644664149,5,7,11,3,4.769595757933513
11/24/24 13:12,10.541487669624608,76.07623175257356,3.3365838455241077,1,6,8,3,7.755104746067163
11/24/24 13:13,11.36887312659857,82.76707800993857,7.5092933069300285,3,2,8,5,10.358583552798054
11/24/24 13:14,8.274163200277084,86.56794152605447,0.63674165159299,5,8,8,1,8.064822451870864
11/24/24 13:15,25.858539774128122,39.8663146660243,6.673315508122635,4,3,6,4,5.393936317623952
11/24/24 13:16,19.596249190587987,87.620038567616,2.611521082885495,2,6,11,3,4.995518438973758
11/24/24 13:17,26.21435436382003,63.39847311992091,9.77647036954935,1,6,15,1,7.2991849407642775
11/24/24 13:18,12.742071512848833,5.102649077267545,8.441728824415241,3,7,13,3,9.51723625859729
11/24/24 13:19,29.778694992539222,86.59500977286461,0.9359672615215239,1,1,5,1,8.55060348341982
11/24/24 13:20,9.951910248434768,44.80662150207496,9.467598810965171,1,10,10,3,5.40610323176693
11/24/24 13:21,15.409426045673412,64.36165961906553,2.3334253063590507,5,7,12,5,4.351415360267941
11/24/24 13:22,15.82445690473027,55.56214973787971,0.7267067184622894,4,4,10,2,5.72758872589882
11/24/24 13:23,16.43359575102115,79.16422253629423,3.7855888649267215,4,9,11,3,7.862612083691305
11/24/24 13:24,15.542018544446826,34.94126176228348,1.0385905113626415,4,6,11,2,7.831134932117447
11/24/24 13:25,22.559242620649997,97.2499869968075,6.24436324192599,3,5,6,4,5.64045766395797
11/24/24 13:26,6.063724617856971,54.55321212621186,3.0501776844077564,2,5,12,4,3.666411908839056
11/24/24 13:27,24.7552249815586,20.249527045194924,9.341140582538943,4,8,5,5,5.203442690199122
11/24/24 13:28,15.456693381152304,79.7537934307138,1.0884809372223148,3,5,5,2,7.834966379549945
11/24/24 13:29,8.183159326507587,37.70391678689937,0.9967909674726209,2,9,7,4,8.329912409474982
11/24/24 13:30,26.324528776293615,17.602820588328505,0.2432921713280981,2,5,14,5,5.783303687559534
11/24/24 13:31,13.2426265590083,9.26666477622102,4.593698231175605,1,9,11,4,2.942973593231417
11/24/24 13:32,7.406208042520919,90.10375854745628,1.114898693279792,4,9,9,1,4.159636258662845
11/24/24 13:33,21.829245426557968,59.043448317832286,0.7360057379468667,2,2,9,5,6.861626347202377
11/24/24 13:34,11.77572010008747,50.815835733969124,0.23904415197056267,3,6,14,1,7.86811445688707
11/24/24 13:35,18.28645096050193,72.24145485879214,4.777167508134862,4,4,13,3,6.443701230581986
11/24/24 13:36,6.381695799231447,64.97251218036808,1.177887407153511,5,8,10,2,3.9010092718922857
11/24/24 13:37,25.950948459160546,15.781437816694243,4.462111691625849,4,5,11,4,3.8220141716759213
11/24/24 13:38,26.146898326642216,69.15273782627357,7.055367691157068,4,10,5,1,6.677619246830622
11/24/24 13:39,24.653061766758338,7.559734220684131,3.9878189212158817,4,2,9,2,8.780247747054384
11/24/24 13:40,23.130101593212693,76.60303696879066,6.89003396136507,1,9,15,2,7.285986505585588
11/24/24 13:41,6.604997610022929,72.35662986211481,7.351932654155613,1,7,12,3,4.806568260124376
11/24/24 13:42,20.895487264463856,76.10946555312535,2.53886120235348,3,4,13,3,4.0563951036040615
11/24/24 13:43,8.123402178124623,23.24143740451566,7.049033519385956,2,5,8,3,5.911093000099631
11/24/24 13:44,5.094423630224416,10.642062295085017,4.947297858046816,5,4,7,5,7.760149306292055
11/24/24 13:45,7.9513734228693185,2.216401121411535,6.7748044202766105,2,5,6,5,7.733322097036501
11/24/24 13:46,16.335765068164562,66.63402161615295,4.349679452086585,4,6,12,3,5.310999997564402
11/24/24 13:47,22.421285114796458,18.466173706049517,8.681489057442958,4,10,9,2,3.5322968388532763
11/24/24 13:48,11.334072305231375,53.245269231073046,6.493188592234784,2,7,14,4,5.164120852155969
11/24/24 13:49,18.50966616920048,23.841730038780863,8.44931293701829,1,5,13,5,7.4792617533062655
11/24/24 13:50,6.580624331405306,88.21283663412137,3.8718919894783226,4,6,6,3,8.713314616535321
11/24/24 13:51,13.818794656661884,28.576456476839716,7.11333491957049,4,2,15,1,6.257735376014376
11/24/24 13:52,26.679714125586045,44.07393349444284,4.321258686627072,5,8,9,5,4.397189671099116
11/24/24 13:53,5.519722994570094,75.47991453397317,0.5543565393545513,3,3,5,1,5.189954871401683
11/24/24 13:54,11.482693651035603,60.309427127003055,2.918544469211888,4,8,11,5,7.559432512731282
11/24/24 13:55,9.955601491294622,6.54114873705888,0.6642267567796535,5,6,5,4,9.163934779755028
11/24/24 13:56,5.781561519759466,10.64930866512667,5.655639646891347,4,8,15,1,7.168237735815209
11/24/24 13:57,19.74021926727708,54.83818570614978,3.181202619598728,2,8,12,4,4.904928174729381
11/24/24 13:58,9.947222451349543,11.07719659267291,8.225542603646504,5,1,12,5,5.034260170764432
11/24/24 13:59,7.408002421227398,85.21540618705717,8.654652601185113,1,9,13,4,7.3980627438629245
11/24/24 14:00,23.609288322583595,77.56581110760182,6.666977577607704,1,4,5,4,8.440912683622031
11/24/24 14:01,9.253077554267445,63.90862615083008,5.808677442988966,4,2,14,4,7.589068555902538
11/24/24 14:02,18.260107384614614,19.721422527914587,3.456001828634529,1,7,11,5,4.743164977097243
11/24/24 14:03,11.642215955168094,38.30273665872307,2.2577364218237057,3,2,15,3,4.087427136141365
11/24/24 14:04,15.457194167543562,78.04736031815425,8.79209211810691,5,5,9,2,6.697934362927638
11/24/24 14:05,9.48965018095458,24.57015770195204,4.163542875815341,3,7,8,1,8.158413215376592
11/24/24 14:06,27.667307188796514,8.024450490225098,2.015787210852055,2,3,11,4,7.4343381203642425
11/24/24 14:07,12.797673360777685,99.87010879354722,8.067854668496583,5,5,10,1,5.144613677298917
11/24/24 14:08,11.841461659138378,35.15947589874468,4.582576216928544,5,1,6,5,3.159637450229607
11/24/24 14:09,13.653228215778649,63.68537364358249,1.734941067222574,1,4,8,4,4.757699323722129
11/24/24 14:10,9.759402086588125,22.799001598991136,5.8483961476314645,5,9,8,2,7.44577099243713
11/24/24 14:11,26.072547686738385,99.26870965533605,5.024801138872299,4,5,12,5,7.516517123253458
11/24/24 14:12,25.129638617698305,28.600331892496445,5.523396982590468,3,7,10,2,5.421812191118473
11/24/24 14:13,13.772225391324733,87.19164117188151,6.006394115652578,4,2,15,1,3.342712189613875
11/24/24 14:14,10.193334361647139,66.8708501944533,7.891779011951793,5,6,6,3,4.257842398911849
11/24/24 14:15,25.100522348906104,13.51973772436223,7.924068416177347,1,2,14,1,7.15428585709908
11/24/24 14:16,26.67313381976139,39.00162008990942,6.568396943442565,3,7,5,5,7.9779201166549045
11/24/24 14:17,10.261969687127182,99.9320517409744,5.4526291004448,5,5,8,1,6.446459724636757
11/24/24 14:18,7.046778588450183,58.44889004840148,0.2865627553367766,4,9,10,5,4.442881806910137
11/24/24 14:19,26.518333385447637,42.7333591629126,7.964727301335679,2,8,10,5,4.344554132327226
11/24/24 14:20,9.657093291217219,99.36403857089142,6.3692838327628865,2,8,10,5,6.8325410675511655
11/24/24 14:21,11.123620341105454,27.369675733310075,1.2532518068456406,3,8,11,2,8.270251478941514
11/24/24 14:22,18.697778356799773,41.82560508978725,6.229461602494051,4,4,15,5,6.248372440919247
11/24/24 14:23,22.470546731590282,5.464019275632769,9.758284010952792,1,4,7,3,3.7255962867147097
11/24/24 14:24,20.17763363439214,64.46656586856562,2.274533236317224,5,6,13,4,3.419254883400949
11/24/24 14:25,13.527517882222332,28.342159103172428,1.5398646373356506,5,9,12,4,5.3553564351080265
11/24/24 14:26,20.742640749719712,95.40586219534073,8.380238415121278,2,6,10,1,8.30782272601168
11/24/24 14:27,18.362069081415136,3.091305280851877,6.453689914459801,3,5,14,1,7.491658355936886
11/24/24 14:28,6.3089628278435494,68.1357855366133,3.8704704266059653,3,10,15,5,4.675854589923923
11/24/24 14:29,29.221734546869005,70.9824717181091,2.9647547657806768,3,6,13,1,3.854715900296282
11/24/24 14:30,16.307568905718373,69.98472085341702,7.223211546164287,1,10,13,2,5.533522542516836
11/24/24 14:31,7.322906779416006,81.6685204794812,1.4428421092271433,4,1,6,2,8.220215710833697
11/24/24 14:32,16.063201093309104,56.27208657732403,8.180675226190239,1,10,12,1,8.45111669206783
11/24/24 14:33,9.963173857936548,9.349243615729199,3.7589223444142448,1,2,11,4,6.196832093505156
11/24/24 14:34,14.964467097771692,86.95007623795219,6.273054661413726,4,10,15,4,4.103922940777048
11/24/24 14:35,27.584781427528025,34.87421356135233,9.929744192028107,1,6,10,2,5.58204674532569
11/24/24 14:36,10.146377125600157,81.05293043205175,5.868520916328779,5,9,13,1,8.355137886426613
11/24/24 14:37,29.134205595687856,26.482969726560484,0.6360768355308711,4,3,10,5,8.333483363258907
11/24/24 14:38,20.142547352545826,88.73802999672306,2.1325895577835587,2,4,13,2,7.018604815077095
11/24/24 14:39,9.217591109680502,50.51835700137435,3.600561017455366,4,7,11,3,4.5712528684851685
11/24/24 14:40,12.749429696549718,85.50203693582554,6.359719507739294,4,2,7,5,4.655077836565231
11/24/24 14:41,12.554658372179881,82.33150334107253,3.1559797041318376,4,10,12,4,6.77325344273957
11/24/24 14:42,14.742973622106877,94.53912255121071,3.098039481111173,2,2,10,2,7.832914447481823
11/24/24 14:43,28.34319808279124,2.419540868258689,3.1358820849890523,4,9,6,5,7.092645131031526
11/24/24 14:44,16.26953527077105,80.44913192624793,8.358199368819186,1,5,6,1,4.568223850927796
11/24/24 14:45,12.739031549618403,22.227500042355125,2.5011145104892436,2,3,11,3,3.955082440655573
11/24/24 14:46,24.081433980004693,83.8680119231021,5.1959576743018925,3,3,5,3,6.602081237340851
11/24/24 14:47,29.112914911971636,56.04600747956635,5.745965359791256,1,4,8,1,9.06890208661834
11/24/24 14:48,18.36183113402555,91.22693317171523,3.815220505933688,2,2,15,5,7.142311821536508
11/24/24 14:49,25.269663930447877,42.661416974286595,7.135834621774073,2,2,12,2,4.768124127777615
11/24/24 14:50,26.522104773544594,67.24222832857227,1.699912040053985,3,5,13,2,3.8743265450072215
11/24/24 14:51,13.250421648224693,17.86164935813811,0.8630608776090571,4,8,15,3,5.606361073228881
11/24/24 14:52,20.25143574226641,56.61005055030369,5.109956907108843,2,2,5,2,8.826636467040775
11/24/24 14:53,26.74150983051254,1.396075339838653,8.383587059717375,3,1,12,3,7.723351999229771
11/24/24 14:54,24.803169002542646,45.69174312338312,1.0761411539009398,5,4,12,1,5.772352019910655
11/24/24 14:55,14.026220102006622,75.19436628840755,3.0943325382276745,4,3,11,1,3.4519468326620935
11/24/24 14:56,10.339891910802239,67.4006586694165,4.3482944204816265,5,9,7,3,4.762177723391929
11/24/24 14:57,9.234998682099153,33.875574878737176,4.597732445759059,4,10,12,3,6.84626968717418
11/24/24 14:58,5.735689578441234,54.46448616481497,8.686154503942538,2,3,9,1,8.02821422749578
11/24/24 14:59,12.305740371039082,8.210004292492114,0.3021260228777786,4,1,11,4,6.360726639545669
11/24/24 15:00,12.157963491820176,64.71487403203673,5.361343051220313,4,9,10,2,3.9072126491634167
11/24/24 15:01,16.727143855341765,84.69523976460252,2.3566670209825813,4,7,13,3,4.599105768830455
11/24/24 15:02,5.582614341436061,26.670215899579482,7.859982026664745,3,6,6,5,6.594462385363903
11/24/24 15:03,18.13572084055385,53.04996564100165,6.743690459922284,3,8,10,4,8.386621363567393
11/24/24 15:04,9.66343416231257,2.181747621007516,8.269856162712367,1,8,7,5,6.550070588780915
11/24/24 15:05,14.192528027566679,94.98211207317948,2.51830055996659,2,9,7,5,4.1180973805969465
11/24/24 15:06,9.122405975901959,85.52566613333462,8.910754839157372,3,9,15,1,3.577338400774375
11/24/24 15:07,26.273366396864578,81.01613773460593,3.1322263502114835,2,1,14,1,6.239859190859084
11/24/24 15:08,22.891074707320566,50.60166522452657,6.659526312088828,1,2,15,2,8.656843121154425
11/24/24 15:09,7.013992605587772,59.54857549460021,5.168622718703705,1,8,9,3,6.976539830420111
11/24/24 15:10,6.036952866586663,26.304214905302253,1.5326266921728589,3,9,8,5,4.837939443661704
11/24/24 15:11,16.476654601053156,91.75236076085609,5.477599054604955,2,5,11,2,4.105413632162283
11/24/24 15:12,18.844471795897896,21.10308690755938,1.3552348239711842,3,4,11,5,6.4258308544346585
11/24/24 15:13,14.368661067208523,93.12697440657217,9.702146937533932,2,6,11,3,8.062422289512403
11/24/24 15:14,11.100896610197493,27.491984262159463,4.328555212102992,2,8,6,2,8.08721692935692
11/24/24 15:15,23.33256569576172,63.37478297074738,2.371805647143803,3,8,10,5,6.237756942685285
11/24/24 15:16,24.746953123341644,99.38467533311966,4.7762947038329475,4,7,13,4,4.046161655843917
11/24/24 15:17,9.910567421534193,63.08685118837225,6.847376272261466,2,5,8,2,5.588831018165927
11/24/24 15:18,18.95992407989928,27.45964120412263,2.4182365671066806,4,7,10,3,8.005339822539739
11/24/24 15:19,22.151226194139227,62.666863847123956,3.516661284665941,5,8,5,4,8.47469917859599
11/24/24 15:20,23.88637909983735,58.12324938034335,4.403847995511294,5,5,14,3,6.326695650561398
11/24/24 15:21,29.036313577382508,2.9619437415347094,9.050765105334742,2,4,5,2,4.345687637840858
11/24/24 15:22,8.504500500911501,28.951586635820647,1.8091875734541167,4,2,9,2,4.947892751795377
11/24/24 15:23,23.60859150042954,76.54812164306516,4.505646925516544,2,4,7,4,7.439640991053611
11/24/24 15:24,6.134312664229039,19.899656395395308,2.5679029646220646,4,8,9,3,9.364628853769482
11/24/24 15:25,23.047779494598032,76.08914629582098,9.457295225274978,3,10,11,1,6.71173820018717
11/24/24 15:26,27.745858614034205,85.53226918163153,2.2678688133982394,5,8,6,5,4.338551812170309
11/24/24 15:27,22.23027297872808,16.131512631239552,8.378415176917903,4,9,11,1,3.99745350326777
11/24/24 15:28,12.215472983231138,1.813706205034625,0.30554094797197834,4,8,6,5,6.423356992208093
11/24/24 15:29,7.280694082132334,47.98373612640406,9.126530087166188,2,7,14,4,8.284868900788648
11/24/24 15:30,11.54910468578327,3.7745695857272663,9.997977678307292,1,6,13,5,6.961034952281605
11/24/24 15:31,25.96578473809572,74.39686936068144,9.821970917137637,3,7,6,5,4.161919192502952
11/24/24 15:32,27.729398970621578,21.747714241841006,4.817778099954164,4,5,11,4,3.5924532259149093
11/24/24 15:33,8.940701149440802,14.623817287216056,3.5190874721412255,1,9,5,2,5.772884701659616
11/24/24 15:34,14.42353060682611,6.047753469436941,6.602843246065248,2,4,9,5,7.50315299799472
11/24/24 15:35,25.49111632460074,98.94479852277111,2.2687405860804484,5,1,11,4,7.0189462044748145
11/24/24 15:36,23.451669998274298,24.74132748127523,9.018744092682237,1,4,5,1,4.6101970392027445
11/24/24 15:37,17.94999509285212,99.75288999139968,5.175238702572552,2,4,9,5,3.113160555252155
11/24/24 15:38,22.9135747156225,11.3159307015136,6.36089022684536,3,2,5,2,5.560471093064216
11/24/24 15:39,14.709216032279144,83.7723501439428,7.203023732732599,2,7,15,3,7.556660240373495
11/24/24 15:40,16.649631031594552,94.98161449418157,3.120232805630748,1,6,11,3,7.706023407897636
11/24/24 15:41,29.986645243313433,6.390010079981373,7.089536270566065,5,10,9,5,6.285702607376306
11/24/24 15:42,14.495730075186904,69.86608504949203,7.040781762451556,4,3,6,3,4.118224538810384
11/24/24 15:43,18.415084378643726,87.021804070883,6.614120117949875,3,8,10,3,5.297902076106151
11/24/24 15:44,13.570052249288823,58.511377028312175,9.425607053773453,3,8,5,4,7.400661936526735
11/24/24 15:45,26.467272940363483,57.90509540021433,1.9655681443324147,4,7,15,5,8.299719951752518
11/24/24 15:46,11.51099601479147,93.17122045475615,5.581760077123273,1,2,7,4,6.483340841481958
11/24/24 15:47,6.195750351241944,88.9601828811259,9.006266307522598,3,3,14,4,4.600366354165341
11/24/24 15:48,7.751171966854571,97.64646894696722,8.349539623159096,4,5,14,2,4.532951367459628
11/24/24 15:49,27.23943485733522,23.483587890863227,6.207832670993271,3,2,9,1,7.133972007340948
11/24/24 15:50,18.574443210496774,42.08781902801641,6.880473459825323,1,4,5,3,8.722445618795897
11/24/24 15:51,28.124089299559028,87.64869408913587,8.245626104590176,5,1,8,5,6.870002417812278
11/24/24 15:52,15.208155044853125,14.14043941315471,1.6107986889070771,3,6,13,4,4.642947320741903
11/24/24 15:53,25.063121880059466,34.46336416356516,4.920286146563337,3,2,5,2,3.9879188688130576
11/24/24 15:54,28.47921438502228,53.884508192131115,2.8974575152800623,4,10,9,3,5.951930414320763
11/24/24 15:55,17.957183242168483,97.51238259459095,5.9078604073058765,4,7,14,5,7.956319536694236
11/24/24 15:56,5.192505148855518,31.580556056371943,7.973348790242516,4,9,10,1,7.33237843696682
11/24/24 15:57,5.965754394407395,76.05320638078129,3.8781422240156105,1,5,5,5,4.280030134825082
11/24/24 15:58,5.794920961496643,32.25738924326474,2.3622893844322066,4,1,10,2,3.137200775932155
11/24/24 15:59,20.376853660039874,88.97905762153756,6.510859255567325,1,9,14,3,4.6429386586421835
11/24/24 16:00,9.477936598231437,34.95873991354742,8.234888829029353,3,10,9,4,7.498331207687731
11/24/24 16:01,13.101967647834165,73.60044493513287,5.22731089803919,4,5,13,2,7.843615885654855
11/24/24 16:02,8.94968598675403,79.8313459240597,9.377162004878581,4,6,11,5,5.244339175842435
11/24/24 16:03,17.479268154381792,62.051538846606796,5.659102474808057,3,9,15,4,3.512614866550043
11/24/24 16:04,26.118703803810234,55.052579994960354,1.509110177652695,4,5,14,1,4.956916594093977
11/24/24 16:05,16.90401927932116,65.58353476787457,5.057625506438582,2,4,8,3,6.986673083378703
11/24/24 16:06,23.7176090095583,7.578720850088313,6.455061791924605,1,5,6,1,7.4751089439716285
11/24/24 16:07,25.29811882749671,54.79859512366228,1.4776250779701756,4,5,7,5,5.37783592581568
11/24/24 16:08,15.238370441819658,49.926897049126175,4.160978065876955,5,2,15,3,3.4641679125939397
11/24/24 16:09,28.25565379497703,58.618199033134495,9.76046422673228,2,5,14,2,4.130591692356399
11/24/24 16:10,16.794945565638038,8.51585585719468,2.365644479836339,4,6,5,5,7.186940178180274
11/24/24 16:11,27.102211096946057,26.578137951839302,3.482694149893738,3,8,5,4,8.214627157075546
11/24/24 16:12,12.694857927088613,16.029191201323236,1.8806308777320873,4,3,12,2,6.416809873358389
11/24/24 16:13,13.620394072997687,4.104453502338417,9.426281884589098,3,3,14,4,4.421950226476685
11/24/24 16:14,6.375661441787882,70.58610303068818,7.019180861330282,5,8,15,2,3.821792472213195
11/24/24 16:15,26.775230937055188,81.44899755619642,5.490882680116274,3,7,5,3,6.473459110065493
11/24/24 16:16,27.959470844314833,44.45999443410766,5.088100316005015,1,9,13,4,7.787110204660502
11/24/24 16:17,27.771118634190962,15.386898817448257,5.146755572703493,3,9,7,5,7.095690916866827
11/24/24 16:18,13.764751499896528,9.04802943845331,8.962840987109884,2,10,8,5,5.43922781560908
11/24/24 16:19,26.044203471473995,54.32146007952728,3.994238548267316,2,1,9,1,4.40516121888275
11/24/24 16:20,8.35143231632217,75.95271143552557,5.986368322715705,5,4,8,5,6.297791027454882
11/24/24 16:21,11.405589981999182,62.85248644967166,5.614539912954951,5,9,5,4,9.128425191168237
11/24/24 16:22,19.85456400072451,68.44100922274389,4.6316455884566645,4,3,5,4,9.613944916820826
11/24/24 16:23,22.378528655569088,65.4887700339819,1.7489586327174376,2,4,7,2,6.413311430361688
11/24/24 16:24,28.20553952404921,29.828429380630233,8.75323936799876,1,10,12,5,4.789735978594973
11/24/24 16:25,12.747247432376628,19.666134985805897,3.804725169862771,3,1,6,5,5.4449272847274175
11/24/24 16:26,9.835936181315407,79.41513053737374,5.717317412141103,4,3,14,4,8.199634496707345
11/24/24 16:27,13.636437445135812,71.51355343553313,8.017777080782514,5,7,12,3,8.705460338319677
11/24/24 16:28,14.500152796632804,17.444140812766076,3.7817755728977565,3,9,12,3,6.114755404217842
11/24/24 16:29,24.970244491698722,68.68506908078238,9.58140031735059,4,8,9,2,4.234106162518536
11/24/24 16:30,12.384384618010708,8.43953891958808,8.505188510133129,4,1,13,3,4.82270094984163
11/24/24 16:31,18.862443470461844,26.632163508817737,1.9405103789305778,5,5,7,2,6.758249407142738
11/24/24 16:32,11.62499007867207,49.3252407654174,2.952120557388584,2,5,12,1,8.20071881653182
11/24/24 16:33,10.799508277056105,21.122158529339185,6.451597623082948,3,8,12,5,6.758041771085521
11/24/24 16:34,12.77317112018077,40.72488950710252,2.404737325320236,1,7,6,3,4.252642473973461
11/24/24 16:35,13.315997880516191,86.23303740836592,1.5679496297203024,1,3,7,3,4.41809037921636
11/24/24 16:36,11.171935906469358,45.577038049757476,5.955918264028299,4,7,8,3,6.722154226425153
11/24/24 16:37,26.104003157957465,94.5715704598479,5.672237073250778,3,4,12,5,7.962096863298271
11/24/24 16:38,19.466952871919265,98.30900372767412,0.10968547718823234,1,2,5,1,7.5173620857805865
11/24/24 16:39,20.866664282510847,82.18731835543635,7.083205287011698,3,10,11,5,4.62268670572455
11/24/24 16:40,13.007107040310702,64.60531634429553,3.565496256061827,4,9,6,2,3.669364934673343
11/24/24 16:41,21.71975210141968,89.31094736127214,8.325511863041244,2,2,13,2,5.823103069634344
11/24/24 16:42,18.205105233424334,55.94065192919545,4.122300044921702,2,5,11,3,8.21275717818152
11/24/24 16:43,26.810714009567207,44.24271030055578,3.5654070379267044,3,2,9,5,8.609145854951382
11/24/24 16:44,14.063719645095619,23.25386889724908,1.7344884156111071,5,10,11,3,6.231966917690028
11/24/24 16:45,11.247483636688685,63.98563560693516,3.2847835864531905,4,5,12,1,4.300468556431696
11/24/24 16:46,7.033233992462103,46.94347332255847,2.372862981102818,1,1,8,4,5.929673720878637
11/24/24 16:47,22.060990176860656,71.02294393180605,8.189237441528388,3,7,10,5,8.77873026415892
11/24/24 16:48,27.280911765067188,45.95907007703953,8.073015785202896,5,6,8,1,9.51308646784974
11/24/24 16:49,15.646582874811216,95.62627427996868,5.931219604673122,5,2,10,4,7.838620696085407
11/24/24 16:50,25.961452410588283,98.54657214225259,9.688320671572757,1,9,14,4,4.928218321214557
11/24/24 16:51,21.582937387886844,95.82980973479573,1.4528501448409814,3,4,14,5,5.531252192773106
11/24/24 16:52,9.56199835741289,98.78404452294151,7.027706332997111,4,10,15,4,8.33599131070693
11/24/24 16:53,6.5446619306385525,77.83779246617158,2.181130515850628,4,5,15,4,8.539060213216338
11/24/24 16:54,25.83975876549782,82.5964655701317,4.799453647846057,5,2,5,4,6.187309147503292
11/24/24 16:55,29.89902718762754,66.3872436662481,5.37867577838872,1,2,13,3,3.948532589637462
11/24/24 16:56,7.607017496680383,3.6307776620581573,2.0571319550205573,4,9,12,4,4.259184013625951
11/24/24 16:57,6.159001108083471,22.23408339619108,9.446335046632273,1,7,10,2,6.9741930399691405
11/24/24 16:58,26.74111896860291,87.52159404494144,6.882004932395277,1,9,14,5,9.094374987278787
11/24/24 16:59,11.933584708014749,49.68681570742703,2.9732123774087014,1,2,12,1,7.41881751779668
11/24/24 17:00,25.51065608148496,69.95181168249836,3.0069088075041397,2,1,8,1,5.202181109286663
11/24/24 17:01,21.523859094344,17.404149359659048,5.485286371229948,5,3,13,1,4.96748915986365
11/24/24 17:02,10.953659309749224,78.88556008317074,0.25717016088711653,1,1,9,1,6.505609331235301
11/24/24 17:03,28.635655282518957,47.35669393834023,3.6286066280956355,2,4,15,1,8.979864374334849
11/24/24 17:04,22.760409657615693,49.9306928739836,0.3395980567293989,3,7,12,4,8.65837946502322
11/24/24 17:05,12.001873697161347,56.602193108851104,4.328909435412545,4,10,14,2,5.644503753280677
11/24/24 17:06,22.354032212981128,94.29074611821845,4.223867204981128,3,7,14,4,4.176381239281031
11/24/24 17:07,16.53622949158505,45.99553083241969,0.899197785889732,2,8,15,4,5.893424740143904
11/24/24 17:08,23.92879382862015,44.690860430855274,1.0518683576423842,5,1,8,5,8.054666322967346
11/24/24 17:09,6.690472694692688,50.62544410626173,1.2990506691710555,1,6,15,4,8.372560161495018
11/24/24 17:10,13.597050576478468,89.02591157641876,5.778392867937855,2,7,11,4,5.671352109061975
11/24/24 17:11,5.731252743602479,97.58889909386204,6.230033749076557,1,5,5,2,3.3476066679897896
11/24/24 17:12,27.378450045245625,55.848064807192266,0.868550696907991,3,2,11,1,4.806241170264612
11/24/24 17:13,14.17272757161964,33.706726011498446,4.747822347085095,1,6,6,1,7.858340799567959
11/24/24 17:14,24.514355326818656,14.946620642584366,7.622990607593104,5,10,7,5,8.669906594942614
11/24/24 17:15,21.330942779321724,11.07461220680355,7.497782418492525,2,2,5,1,7.458625787871549
11/24/24 17:16,22.604474050274924,10.414335792420271,5.064757055599678,2,4,12,5,4.306013139837612
11/24/24 17:17,10.70734532576558,24.724942659877392,5.416337830760424,3,8,9,4,4.003066723132164
11/24/24 17:18,23.88951252207264,62.18992195421238,2.829879570778008,1,10,6,2,6.986068390211173
11/24/24 17:19,27.921910712098104,5.07503107251291,9.749176876095554,2,7,7,4,8.434599343603011
11/24/24 17:20,13.072830459390405,96.62124469634573,8.701154496899592,3,1,9,3,7.0832995192571575
11/24/24 17:21,24.056749422927275,25.274678906395234,9.972986749038338,1,7,9,1,4.643798114667619
11/24/24 17:22,23.511505591595732,42.71603989075138,2.1235764114984623,1,4,9,3,4.349218870428424
11/24/24 17:23,17.111313228879773,15.956011222033803,3.8157064094537887,5,1,6,1,6.826318479763953
11/24/24 17:24,9.04069962915979,16.42526002900479,2.8183881971766502,1,10,12,2,9.661055717181382
11/24/24 17:25,11.061421317104713,72.48590981451665,1.0831748572978916,2,7,5,4,8.782391282549137
11/24/24 17:26,5.437191684081381,98.38372687301802,3.5098462382722246,2,3,9,4,5.8410062155334
11/24/24 17:27,26.056472123921353,57.347235180917984,7.556443442663454,2,4,8,2,4.824042590694917
11/24/24 17:28,18.039883657705275,13.574447256634283,6.942241317298652,4,5,9,4,5.957024847713115
11/24/24 17:29,28.809210903634835,62.99349948983207,6.25746125208637,3,2,11,2,8.589004004650814
11/24/24 17:30,11.196298195051767,87.79672112039316,7.835759099113699,2,8,5,2,8.805900233912293
11/24/24 17:31,28.666074876786645,8.957897947195548,1.5869735942098877,1,7,11,5,5.440476179219317
11/24/24 17:32,26.05314531692024,10.139938733176471,5.214896883206706,2,8,8,3,2.9778848624007797
11/24/24 17:33,19.491255014800675,52.72927327099716,3.581968868536446,3,8,6,5,3.7570400219848716
11/24/24 17:34,20.93492624643471,33.728238369273875,7.875846439182944,1,8,15,3,6.035676115838167
11/24/24 17:35,11.585568049410714,38.90720602851293,2.8112982662818413,5,3,8,1,7.397536688000956
11/24/24 17:36,22.93869838672764,55.333643356933116,2.156330423947819,5,2,13,4,5.706803361431738
11/24/24 17:37,5.5507196967793115,97.61401634416082,7.73555977696785,2,8,6,1,4.217144590155505
11/24/24 17:38,14.731305600522072,16.187709750084903,8.907178852575143,4,2,8,1,4.647376560239139
11/24/24 17:39,16.82506801299652,47.533435901376166,2.237939184796589,3,1,11,3,7.210005521456681
11/24/24 17:40,14.797693961986246,66.10882789354997,6.054699130591454,2,7,5,5,7.906898105323485
11/24/24 17:41,18.78651601351316,53.11159913925991,6.819639452833513,2,6,5,3,6.578278839176696
11/24/24 17:42,9.119874642040852,27.15849644704973,4.4898010006137925,3,4,14,2,3.9559668996602437
11/24/24 17:43,7.437935629869958,32.796830668618,7.255474707802853,4,10,13,5,3.775681313494181
11/24/24 17:44,22.1403924784899,18.957256820586185,4.798266857374493,3,10,7,2,6.09114647090591
11/24/24 17:45,20.20089240320511,59.11311311152426,7.606845925488386,3,1,5,4,8.034584167314739
11/24/24 17:46,18.49861696664505,70.18958427854152,2.523691534746789,2,1,13,4,7.227901929797259
11/24/24 17:47,25.741043528290444,11.791546326815093,6.224580309644247,3,5,11,5,4.493800131704734
11/24/24 17:48,17.935525922047695,54.715227467345,4.849548882159505,5,7,6,4,3.563958076706281
11/24/24 17:49,9.061201725456323,69.77528210512129,9.392322408844695,4,4,12,4,5.896321557857249
11/24/24 17:50,24.277426918726754,42.838621995380954,4.928298115116099,1,10,12,4,8.010440044451487
11/24/24 17:51,17.165917401332337,35.833177628333644,7.402004558547862,3,7,8,3,7.930580055419136
11/24/24 17:52,5.406303566129123,8.083194423754618,9.662537138524877,2,3,7,3,5.686999207202791
11/24/24 17:53,13.39229171131109,5.031503114613294,7.854878096987556,4,7,15,1,3.6049835421738474
11/24/24 17:54,22.297286061124602,11.568341969233673,1.0723319583641333,4,10,5,2,5.058984734208069
11/24/24 17:55,13.024024148006726,85.2645363769559,0.6684866704174227,3,5,5,5,7.541490378760401
11/24/24 17:56,11.98703050264463,71.14047408794227,1.770474242022882,4,5,12,3,8.383004832043335
11/24/24 17:57,15.728925833595998,36.898835015376314,8.058764196052882,3,7,6,3,6.414654467988393
11/24/24 17:58,20.182712035357504,16.414948183340314,2.9268345626762287,2,6,14,3,4.561731595178842
11/24/24 17:59,26.63437764936785,85.15629652105298,9.41222569946574,2,6,11,3,4.719237481329639
11/24/24 18:00,23.464711547575117,6.39409002911782,8.986068239054333,3,9,12,2,7.630764459045702
11/24/24 18:01,24.58887909701226,61.76049535461251,5.294876041044446,4,1,15,4,9.671461363667554
11/24/24 18:02,26.415825427581417,54.40385691269769,2.8556112267218783,4,5,15,3,7.524022635220732
11/24/24 18:03,29.307039646485393,45.89387009484883,4.85849876685367,2,9,11,5,4.781566144156638
11/24/24 18:04,23.909501174907483,87.29223791257382,7.065787500216325,4,3,13,3,4.813215158271009
11/24/24 18:05,11.254410019877572,82.06043457690629,9.251984407970575,3,2,15,1,6.938040909011684
11/24/24 18:06,15.301665554791148,55.58785689238947,8.730181029478066,2,5,7,4,8.784923910664405
11/24/24 18:07,20.296546468126223,65.27652576836628,6.462981011572135,2,4,10,5,7.160052114913729
11/24/24 18:08,12.39377527124853,72.74539295563501,0.11493836265511718,1,4,12,3,3.8685407922890143
11/24/24 18:09,10.045531269476736,41.281192197132526,4.210118802143357,4,5,7,4,2.944679942905766
11/24/24 18:10,16.514587436616843,5.686791394504654,4.334328691478943,5,3,8,5,4.977524350544746
11/24/24 18:11,16.57660351767533,57.798695690326035,9.297777318667192,1,8,6,4,7.471862164643394
11/24/24 18:12,16.746151448247673,50.017795080239495,4.495565377450677,3,2,9,5,7.713209683931727
11/24/24 18:13,23.956337428396445,27.668033370238042,1.619244338998673,1,2,9,1,5.267078898555602
11/24/24 18:14,26.678864263627975,71.28907401399006,4.933825893965289,3,3,8,2,4.1173293075911035
11/24/24 18:15,29.024044059685366,24.220636340463873,5.954666229622869,4,1,14,5,5.5755443051270515
11/24/24 18:16,22.705903361629797,95.28895832256133,0.9630547711410571,2,6,13,1,7.980112382001247
11/24/24 18:17,7.6284195098690954,55.345739045803086,7.659393477342333,4,3,14,3,8.205517251112791
11/24/24 18:18,12.268598657141842,80.30348924490929,4.15395096133975,2,4,12,5,6.807229521168447
11/24/24 18:19,7.349173715993066,94.62872821685008,4.445476661064538,5,7,14,5,4.621657003308345
11/24/24 18:20,16.83458410487456,67.25533636738864,8.63563145614367,4,6,12,2,5.1449743360483495
11/24/24 18:21,19.448499671948422,55.40173321244151,9.684876574432353,1,3,15,5,7.523854196568278
11/24/24 18:22,17.254069534017304,60.97344646504464,8.207271071719845,4,1,9,4,8.70100846275791
11/24/24 18:23,27.625449400560363,44.23728138964522,1.2122894915187965,5,1,7,4,7.2116987907847525
11/24/24 18:24,14.269289277785653,39.20423278351458,8.872455712650256,3,10,8,4,4.862211885410786
11/24/24 18:25,24.054952126458613,63.679217017741436,0.9494478360049584,3,5,8,5,4.792243733484224
11/24/24 18:26,29.345916353219184,8.231734442480695,0.2790468917595681,2,9,12,1,7.246312209726357
11/24/24 18:27,20.996746920853102,3.1543727315460663,2.7927319525471117,3,9,11,4,8.775043122610445
11/24/24 18:28,6.541491713817919,98.93104563562235,2.985283344622274,5,9,5,4,7.432019392317852
11/24/24 18:29,26.73795499666788,76.71633953021463,0.17035147899287334,4,9,7,1,4.946497545262181
11/24/24 18:30,10.49073184478842,27.57680227820996,8.495446173996259,1,5,10,1,4.5795009265392
11/24/24 18:31,5.359642766302148,82.83140021717789,6.102955946603821,5,1,9,3,6.38031924093332
11/24/24 18:32,18.535183072272076,68.28731544668713,6.942733430355901,1,10,12,4,8.594862773810055
11/24/24 18:33,16.214531415484984,58.31505016108248,4.1377750918423155,1,8,11,4,7.877336280236345
11/24/24 18:34,16.492820009415226,3.9022834662117454,2.428325356280705,5,6,11,4,5.497534018834302
11/24/24 18:35,23.819258528430233,92.94938534547593,4.815972040977189,5,10,8,3,3.795156465637396
11/24/24 18:36,29.528733485009433,30.48678205708063,1.103687353323788,5,10,12,5,5.025071024971053
11/24/24 18:37,9.739479537550256,10.134165467095563,7.518707127890472,4,3,14,3,7.301739585472989
11/24/24 18:38,22.595402330108907,45.09422391768671,4.124528000823749,4,9,10,4,7.753266524455241
11/24/24 18:39,17.777883996428926,54.56505680693937,1.5588649498796852,4,4,9,3,5.572054200552334
11/24/24 18:40,21.40454875950351,92.09134158384207,7.259515031087328,5,6,14,2,3.8636751119423156
11/24/24 18:41,6.253117828920636,71.17168417546976,2.252390490144652,1,9,15,3,4.605969175883662
11/24/24 18:42,16.677442703596718,41.58058162861804,2.0025747073487743,3,6,12,4,7.749559937179548
11/24/24 18:43,15.937157184649882,18.72423983003941,8.807367080320251,5,7,9,3,8.446095919668247
11/24/24 18:44,14.010137055038186,61.86796768739052,2.3964080230000846,2,5,5,1,6.958339313872673
11/24/24 18:45,18.595516658899264,99.4090928228667,0.8223335818087888,5,7,14,3,4.365164033195495
11/24/24 18:46,28.979576020876888,81.31547364878676,5.743470521441392,1,10,13,3,4.550543874162335
11/24/24 18:47,10.577151489517407,14.445623746809117,5.528211098900563,5,9,13,5,6.813565630859138
11/24/24 18:48,7.205012671413958,89.92100994634058,1.921897666988364,4,8,13,5,7.817930711882267
11/24/24 18:49,11.657724858737405,66.63506752814507,2.231566414158231,1,3,13,3,7.392521669680085
11/24/24 18:50,28.736118243796252,30.407554956060444,1.3570170289248034,4,10,14,2,5.43886535144684
11/24/24 18:51,15.513722949250187,57.7466202728492,8.53899666412257,2,1,8,3,4.2393222411874465
11/24/24 18:52,10.051761491838718,61.235966845416954,0.7952853811172611,4,8,9,4,5.710675295604035
11/24/24 18:53,8.11519663901477,18.080532609089044,8.732157588728755,2,2,15,1,7.38716350681954
11/24/24 18:54,18.154347306068527,81.90665548687015,1.3286651543152301,1,6,14,5,7.499251046502395
11/24/24 18:55,18.310875844051104,35.73926594729252,9.568591193143964,3,4,8,2,5.008301743944983
11/24/24 18:56,24.07915319108681,4.87817996113805,6.034262205289393,2,9,5,1,3.402919133115661
11/24/24 18:57,22.54960736964542,33.31486235675458,2.1347765790374678,1,10,5,3,4.8651608891989975
11/24/24 18:58,10.029497796768442,22.54711708783488,7.184386403115425,4,1,11,2,6.92116522515918
11/24/24 18:59,24.187222934319493,9.549439046716353,5.490374902738724,5,1,5,5,6.50414469864776
11/24/24 19:00,21.021024901037613,43.84413109454683,6.967033606759401,3,4,9,1,4.553227653905808
11/24/24 19:01,21.034062032878545,96.62285308634085,3.5775320197815517,2,9,5,3,3.658734618845599
11/24/24 19:02,15.164921659192045,84.00996476180792,6.614577988007976,4,9,5,4,3.977574237283047
11/24/24 19:03,21.296071298991503,26.344516136276432,8.016877049591715,3,6,9,4,6.728792045409769
11/24/24 19:04,28.47958040071803,49.73248234767008,0.7522168245177656,4,6,14,1,7.394778567410879
11/24/24 19:05,6.1327400527380345,23.54035956677381,1.768602313796869,2,8,7,2,5.393736434439161
11/24/24 19:06,7.1200645499817785,41.30960631307773,8.280147403604992,3,3,10,3,3.5983414793236173
11/24/24 19:07,15.925517996551454,10.387996077844004,8.19998337339781,4,9,13,1,3.8921114382100193
11/24/24 19:08,23.25937086234694,6.237922391751898,8.038831103249024,5,3,14,4,6.685222949564028
11/24/24 19:09,7.215159389102631,39.85686591975135,2.163226823480329,5,8,11,1,8.926749704925868
11/24/24 19:10,12.250034789528723,6.782372286124622,8.99268788072788,4,3,5,3,7.794440657742691
11/24/24 19:11,21.114936409642343,40.25524826337723,6.500377532036518,5,2,5,4,5.287293593760267
11/24/24 19:12,7.982387002394793,96.20392862458091,2.375411171766731,2,6,13,5,5.0328376313203655
11/24/24 19:13,20.326298101667405,45.074841450308014,4.369856949348698,5,10,15,2,6.983119190288091
11/24/24 19:14,28.23612190495055,48.394766582015954,5.824292457482211,5,3,11,5,9.152477433208846
11/24/24 19:15,7.090460487553669,10.791098392815156,5.464329003055646,1,8,11,4,8.858506026848808
11/24/24 19:16,14.48477299554877,43.125438106083784,1.0336028875404748,3,3,8,3,5.7552864180415595
11/24/24 19:17,29.82144978500979,57.8209454089768,8.63811238780525,2,4,7,3,4.222562151586849
11/24/24 19:18,25.56877798064258,86.72069000966209,7.375415493449562,5,9,6,4,6.443944397962487
11/24/24 19:19,26.145183087349373,32.948861118002334,6.62289028216086,5,8,6,4,9.668118731868992
11/24/24 19:20,23.19254627419097,85.28381007730195,5.609862529370454,5,9,10,4,9.418967214669381
11/24/24 19:21,20.43194427350531,21.009602830256895,8.067266232857405,2,9,15,5,7.324898457179017
11/24/24 19:22,10.77954115319499,4.819420197853048,8.856277564472066,3,6,9,3,5.10676127895484
11/24/24 19:23,24.614808749904277,17.049150648664874,5.042852143377279,3,7,7,5,6.583966468446084
11/24/24 19:24,10.235232051863767,11.274473291379971,7.360230716821409,4,6,13,2,10.07261904729087
11/24/24 19:25,16.445606416084374,84.086555386409,4.21170232525788,1,10,10,1,9.929103466730167
11/24/24 19:26,28.872949120071276,65.27433791325817,7.975687765206809,5,3,7,1,7.082720009742389
11/24/24 19:27,15.71906138003017,22.475869053213582,7.512175470935942,4,5,5,2,4.217983241935934
11/24/24 19:28,9.59874100881347,45.14596012251182,4.363383216314484,3,2,11,5,4.561422114570647
11/24/24 19:29,7.284041989084093,36.64914501009768,3.5338218308877845,3,4,6,1,7.318311044172474
11/24/24 19:30,21.10362872141242,29.72350244598713,3.6025426653586634,4,6,10,5,8.23585974042383
11/24/24 19:31,16.255247361880897,15.977405006175715,5.173112673917525,5,3,11,5,6.343420408800144
11/24/24 19:32,27.063378836883714,95.13302638093435,2.3268463406196664,1,5,11,5,3.5454622963928166
11/24/24 19:33,9.66274288033151,62.914579122907966,8.520989851055335,1,6,6,5,3.1406223173309957
11/24/24 19:34,13.47888639821329,75.66740273016651,2.018424883572017,4,1,8,2,5.8878674469305405
11/24/24 19:35,15.625826215169148,91.4922178812902,3.1144303051447215,4,3,7,2,8.179303824010423
11/24/24 19:36,15.965987147689788,64.87353835963225,6.628097275033643,3,4,6,1,7.21318745842409
11/24/24 19:37,9.597280271991295,40.531245788150535,1.7712460887906156,3,7,15,2,4.294521765715179
11/24/24 19:38,26.503211358599643,56.68787170314454,9.480718494060682,3,9,14,4,3.1048199606750435
11/24/24 19:39,16.964724512806487,1.8238657641203497,3.6743471463701303,5,3,7,5,5.297235689989541
11/24/24 19:40,17.153276009471085,91.44439123136577,1.5608970726446103,2,6,9,4,7.941700231131735
11/24/24 19:41,16.75278601686783,53.124990387876075,5.928706697113771,4,7,10,4,8.056445689235849
11/24/24 19:42,18.451032585712202,72.62378070549539,5.29963031003648,2,1,15,5,5.867162430003763
11/24/24 19:43,5.700415486964048,56.14811298968668,8.286503469429062,2,3,13,4,4.827799195177566
11/24/24 19:44,29.53899385922487,97.83862308718403,1.9366100248028464,5,8,11,3,6.710198807797241
11/24/24 19:45,23.930510123683042,53.60512181393623,8.079200510793978,2,8,14,2,7.8603669489734
11/24/24 19:46,24.132457154977228,11.012850670517427,7.426346767610494,4,2,6,1,8.403898399981983
11/24/24 19:47,16.830166624110433,88.3882425841575,8.266731798439471,1,2,8,4,6.250133677683881
11/24/24 19:48,11.988768731340791,32.47321409472508,9.414700798610037,4,3,10,3,3.758903317663133
11/24/24 19:49,14.640211284016353,49.636020355984655,1.077973364790185,1,1,8,1,4.383206982617934
11/24/24 19:50,23.18699803404959,67.5607384024674,1.8134468329615905,3,4,12,1,7.25855928319232
11/24/24 19:51,13.81697386876166,3.2256094135740545,0.5397292428958879,2,2,10,3,8.111671812430394
11/24/24 19:52,17.368144465870714,3.7006428265134996,7.2512913678843605,3,10,7,4,6.604781803142788
11/24/24 19:53,22.27435834731817,54.594791864989794,1.3775818380256264,2,2,14,1,4.236473728217706
11/24/24 19:54,22.482722384824935,12.39351758034752,9.636854415286257,2,4,13,3,3.856188085131111
11/24/24 19:55,11.701670224300802,6.842542844666978,2.040983892527866,2,3,14,2,6.317419996642633
11/24/24 19:56,7.74484873481892,19.65060253701161,5.9592445053886305,5,5,12,3,7.811548786759793
11/24/24 19:57,24.310187587677216,35.10338557289846,2.389215021651118,4,2,8,4,6.95669480465154
11/24/24 19:58,29.281597539099955,53.59005621398997,9.390700378074282,1,4,11,5,4.429997764402842
11/24/24 19:59,25.713625834506587,63.70458227680939,3.422462691392888,2,4,10,2,3.4652070186271247
11/24/24 20:00,11.83700586325759,37.69251142258074,8.228623481487308,1,5,5,3,5.549231849304418
11/24/24 20:01,13.414127403260505,38.43602162189844,1.3546239961897206,4,2,11,2,7.87288526282064
11/24/24 20:02,28.80997067863478,37.18837935367109,2.668252960238067,5,2,5,5,7.2215738200163955
11/24/24 20:03,7.51857340084653,12.239698020184475,8.540715394196623,2,6,15,4,4.9238845013193275
11/24/24 20:04,21.63737331447627,85.14999593162881,9.035382257919286,1,9,6,5,3.4877927830104
11/24/24 20:05,19.013069797846054,77.92787124044646,2.193562370571963,1,10,9,4,4.15386559267731
11/24/24 20:06,19.526978181466497,85.14820283858012,7.074586633356868,5,9,6,3,6.706516388643576
11/24/24 20:07,21.198010750302622,67.49776541239224,8.487761171989868,2,6,9,2,6.825033962879739
11/24/24 20:08,17.675793113473233,52.30422660727961,4.979476763256949,1,10,14,1,4.308674782322298
11/24/24 20:09,24.876775217356485,77.74536695397774,9.529427229761712,3,9,5,4,2.656294790235237
11/24/24 20:10,27.84472714846018,48.575084159289844,4.001497369297669,5,6,9,1,4.178408143542825
11/24/24 20:11,23.96953326166512,59.0947497828729,3.2049943571546256,1,5,5,4,6.284239332702257
11/24/24 20:12,15.353799790682821,11.307034972107914,7.1494007655319916,1,10,7,3,8.319604541951291
11/24/24 20:13,20.975717045312535,64.19336636938063,2.8967958788655666,1,10,8,2,6.282223617895188
11/24/24 20:14,17.785550323158233,85.02411947263691,3.5566367415152706,2,8,8,4,3.7333030859063716
11/24/24 20:15,5.022788832107176,12.270477729853338,9.759095719777541,4,10,12,2,4.053810027632951
11/24/24 20:16,5.0125566945693905,52.689161942879196,1.4802867608547081,4,9,13,5,6.966796215154631
11/24/24 20:17,29.75547707894967,17.558903565609725,6.4982377206313515,4,7,10,1,8.221732599138587
11/24/24 20:18,26.48712666766727,47.721216505019406,4.5971924281932175,1,8,12,1,7.891929757417891
11/24/24 20:19,13.42695721784179,88.9356778338365,3.370907823236229,4,4,9,2,4.190663611797014
11/24/24 20:20,12.738925402043606,11.559511237795904,1.250771576495825,3,8,14,2,3.459090545349057
11/24/24 20:21,10.672423491512236,60.11112540229308,4.5632056807778065,4,3,10,2,5.8289490024450235
11/24/24 20:22,23.837829354511722,93.33986818297716,6.916568333645057,1,1,13,5,7.801807745284083
11/24/24 20:23,10.902641889650672,7.451346404743077,3.368089091297662,2,1,11,3,7.243902977148695
11/24/24 20:24,28.238229232709507,24.500140651236997,1.2250835860433262,2,6,15,3,5.3594784611759
11/24/24 20:25,29.5539089396305,36.82595361559045,3.8887896047146477,2,9,6,5,4.1309111549304065
11/24/24 20:26,8.372073457917823,52.89703277469692,6.07781609251153,2,7,10,3,5.529963581440212
11/24/24 20:27,5.881168567289101,23.62148577647668,2.370713510620331,4,5,12,4,8.41942624570671
11/24/24 20:28,5.441240446406876,25.100818408113806,8.20841001479699,4,7,14,3,8.438965626752118
11/24/24 20:29,15.727086132556494,4.237055165738708,3.018777327585817,4,3,13,3,6.6693266072940345
11/24/24 20:30,14.491993573802255,78.4991179363268,9.418120527344533,4,5,7,3,4.372926232177658
11/24/24 20:31,13.884680803706921,51.757352054787965,7.082148043492588,5,4,14,1,4.834158912390957
11/24/24 20:32,29.079021205461277,30.315501570725665,8.584341517274552,2,2,10,5,7.476100535219525
11/24/24 20:33,22.5345511498439,13.565988755775027,6.764095691960355,2,3,11,3,8.050882645140486
11/24/24 20:34,23.57674947421389,92.5936990747281,7.0919847471576904,4,9,6,1,6.987316400365492
11/24/24 20:35,5.923857275957573,82.70801036060661,3.4627081707181446,1,2,8,4,4.573222827897178
11/24/24 20:36,10.900883328538919,12.363965133571334,1.864275905958055,2,4,13,2,4.2226590423276145
11/24/24 20:37,15.450525292109896,19.2255560885164,8.615326396745004,5,6,15,3,6.733148082020435
11/24/24 20:38,15.36912007911806,73.31341412362089,7.295835993716577,2,4,13,4,8.408366860267087
11/24/24 20:39,29.130974839146337,31.836080579340752,2.640183066077993,5,5,14,5,6.639211664913934
11/24/24 20:40,14.493873122509584,88.02556745856332,2.7693147152072313,1,7,9,2,4.654689893400406
11/24/24 20:41,7.90727840902519,23.750102244867794,2.216070735135457,2,2,8,5,4.813361007361458
11/24/24 20:42,21.694443899283673,54.310807022810735,2.691856226221773,3,6,7,2,6.773591324338172
11/24/24 20:43,6.070021299124344,30.006697476170064,3.3994989074847317,5,7,7,1,9.047242886756889
11/24/24 20:44,15.152930866306448,53.22761405393515,6.485502651363929,3,7,9,2,8.606099589916406
11/24/24 20:45,11.076964316332727,38.580467040745226,5.066429885516808,3,8,6,3,6.22023604221929
11/24/24 20:46,11.546378307998868,66.16943535462319,9.188447473939751,1,8,8,2,5.188746854333851
11/24/24 20:47,22.824476716272866,84.53594497868038,8.761433320322812,5,8,13,1,6.72999545935339
11/24/24 20:48,25.165566882171998,39.85239694206035,7.23497917400422,1,3,13,3,8.139207936617515
11/24/24 20:49,29.339568289168703,77.21580131206318,5.652634682317843,4,4,12,3,9.18804713855219
11/24/24 20:50,24.88761714972976,80.97606423261793,8.85787811307258,4,6,12,3,6.222811242650876
11/24/24 20:51,7.29549735338099,40.83529700267937,3.4457127503968685,3,9,7,5,4.283274569832314
11/24/24 20:52,10.651974975528343,26.68459993186871,4.151097212248863,4,4,15,5,5.58388842174994
11/24/24 20:53,19.99542748585199,42.521191831789714,6.407442470345438,1,6,8,1,8.25817770447988
11/24/24 20:54,19.63334814434814,45.98537434406769,9.3553683141142,2,10,14,3,8.735816796357811
11/24/24 20:55,7.048943621559731,21.759271215100608,2.503677448735657,1,10,13,3,6.640601131763609
11/24/24 20:56,7.830400250056137,33.69389350442034,4.1309921096863365,1,7,9,4,4.756685866346034
11/24/24 20:57,23.725392522932545,36.30990766636403,0.7850502753352255,5,3,8,1,4.918590141721618
11/24/24 20:58,8.629930475130003,71.6793089455771,6.172457979458977,3,4,15,1,7.472835514442621
11/24/24 20:59,26.59163235927099,28.294403577253746,1.8275666476294372,5,8,9,3,8.094857525716877
11/24/24 21:00,20.56205163870926,93.23252131109409,0.5043953636519793,1,8,8,4,6.516400902293359
11/24/24 21:01,27.845094272327227,7.518853210501316,8.736161265107796,2,7,11,4,4.821757910395124
11/24/24 21:02,22.540278447288195,8.328872649548641,8.97950644584647,5,1,11,3,3.8892792992492007
11/24/24 21:03,14.289045253008704,2.5215884540146116,2.7694580867519747,3,2,10,2,6.835543404275026
11/24/24 21:04,6.575966982793947,64.49917469032769,5.322121981987917,5,4,15,2,9.20039531992348
11/24/24 21:05,12.886909334785557,56.47476577192933,4.395612686123048,1,10,6,2,7.765585379583126
11/24/24 21:06,15.421636874394524,52.26311219705298,6.84297488304329,4,1,9,3,5.344774841776417
11/24/24 21:07,23.443429698875597,73.67970153903565,8.455294909340203,5,5,9,2,4.129198058997279
11/24/24 21:08,13.428444021028255,57.827204338912814,4.728977784586497,1,6,8,2,5.920672415011359
11/24/24 21:09,26.228656687141886,94.82489540586973,1.230712267109664,5,10,7,2,8.179797580108753
11/24/24 21:10,7.690579564414575,60.54501033360265,6.092650870743203,3,5,6,3,8.49192267902591
11/24/24 21:11,22.36078320848445,98.52831158595828,5.982063449751426,4,9,5,4,5.406076490780694
11/24/24 21:12,8.139732559838132,65.49012177569199,3.587258522133351,1,10,12,4,3.500082512684608
11/24/24 21:13,24.114783660719183,55.33133773142987,7.313169164677948,3,3,8,1,4.279610471208213
11/24/24 21:14,22.265388241401013,45.56615549436576,3.3402279465079334,4,9,6,2,6.4958255340525195
11/24/24 21:15,25.159682840789035,36.68107808377559,7.646693487815542,1,10,11,1,7.551785069386201
11/24/24 21:16,28.32067583061135,88.13158482336863,5.337964943007231,2,4,15,2,5.326891371665397
11/24/24 21:17,22.140703825646185,74.57484572537516,7.579117602332327,5,8,12,5,3.229899124237421
11/24/24 21:18,19.035079513204337,90.1036930803621,8.376229876994104,4,8,11,4,4.065824883660816
11/24/24 21:19,9.065297515225737,14.968708282466775,6.629939721684415,4,7,10,1,6.116947477253786
11/24/24 21:20,7.061758244696205,16.41882064245594,3.4373591846296927,1,6,12,5,7.478755232244791
11/24/24 21:21,6.515844268120242,14.674971675930731,3.463561785347774,4,3,12,2,6.443533431962928
11/24/24 21:22,23.308522069201025,33.27552905434938,2.0449283765963795,2,8,11,4,3.4576330012639183
11/24/24 21:23,12.298523931128484,32.02093591805203,1.626122502539834,4,2,10,1,3.6820371680455195
11/24/24 21:24,12.448154131466023,22.177874652146635,9.552805323785302,3,3,10,5,5.90285110299278
11/24/24 21:25,20.919148736410577,87.50671925353967,0.4055093453546126,3,3,8,5,7.433262326308374
11/24/24 21:26,23.05232888958919,37.33431254242541,3.2006457866448965,5,7,12,2,6.458527350028175
11/24/24 21:27,5.68400667902371,41.304101264376314,8.590757005142622,3,6,15,1,3.943692528715336
11/24/24 21:28,28.744211232838605,34.33011866367351,6.8582048309882495,2,9,6,2,3.3209392818911794
11/24/24 21:29,28.703732905356073,86.1203112594682,2.492913127391933,4,6,5,3,5.191478909975628
11/24/24 21:30,11.090714542586811,7.946656879368698,7.851806048572224,3,3,5,5,7.4665223904519245
11/24/24 21:31,5.161977742856051,57.85204509398859,4.279827037367128,5,9,12,5,7.653757969373981
11/24/24 21:32,17.83409244027203,51.59948745288911,1.8577222686816108,5,5,8,5,5.192164770735567
11/24/24 21:33,20.221403863901642,10.416778621845346,3.2397680970732625,4,5,13,5,3.388913108591163
11/24/24 21:34,22.147645025243826,43.03019551474753,5.822747569394173,2,4,10,3,4.9188225083258414
11/24/24 21:35,25.37019290255512,45.17775222389402,5.368960294816447,4,6,14,3,7.357727613902119
11/24/24 21:36,27.10392607536257,97.12997275668805,4.721168930184709,5,2,6,4,7.453254010457856
11/24/24 21:37,21.520596309814835,56.686982916280606,3.6216621808114415,2,4,6,3,5.951790798861008
11/24/24 21:38,19.721573246238208,32.893218658558666,5.756657428466826,4,1,12,1,3.950914733125405
11/24/24 21:39,13.207742178338481,73.73280173239627,6.644149115528144,3,9,14,4,4.688527130426509
11/24/24 21:40,24.623460911469063,90.29188866613688,6.682631516996664,1,5,10,1,7.4921761212053894
11/24/24 21:41,17.46656939003659,60.818880790280254,1.640083658317345,5,1,8,4,8.390711911697304
11/24/24 21:42,19.914860325175937,7.828793677059979,2.24113038745089,4,7,10,3,6.458996150119582
11/24/24 21:43,21.85069886494823,28.958927981227912,7.718811038573111,2,9,15,1,4.0814509948971045
11/24/24 21:44,29.479906165798962,25.990548100586807,4.105515359768384,3,9,15,3,4.1054047916633305
11/24/24 21:45,18.51237151349659,13.098379769530741,8.246391444179238,3,6,15,4,6.228715771364265
11/24/24 21:46,14.325803581567014,11.197006262632913,6.6803916428650245,1,1,12,3,7.803808385330772
11/24/24 21:47,27.584201842604642,44.30676763098069,4.400314489489862,5,6,13,4,6.754980958968314
11/24/24 21:48,9.782225358928759,79.69157195511774,2.7361103610931217,3,6,12,4,3.939954046468083
11/24/24 21:49,29.04627974110435,7.055604027013029,6.511370561147949,3,9,10,4,3.6903497294347183
11/24/24 21:50,23.621818470214407,52.91972665772345,1.5744685815040946,4,8,8,1,5.170189155432462
11/24/24 21:51,10.188301515660237,12.628833514741519,5.378313824519604,5,1,14,3,7.98479799510643
11/24/24 21:52,29.377357376392457,28.614373636651223,9.231741366367713,1,10,14,3,8.007977583737556
11/24/24 21:53,29.490681340465166,75.8554085125392,4.5708572028196155,3,6,14,2,5.050522511028517
11/24/24 21:54,27.73317415047943,87.47214651776343,2.2590216785825414,4,3,13,3,3.427214748455987
11/24/24 21:55,7.128208440159354,45.45561304923044,7.059076432365313,4,9,9,2,5.786188855921772
11/24/24 21:56,23.49641894861078,72.10504936078475,5.7337755185681765,3,2,8,2,8.072562810522466
11/24/24 21:57,11.082992235594666,67.8822201896405,3.856965464709254,3,9,10,3,8.25019272580087
11/24/24 21:58,6.36941517531263,33.55311994992032,5.073121285226571,1,2,11,1,6.80896645625787
11/24/24 21:59,15.10114317939772,1.304271232933902,5.312518914770383,1,5,11,3,4.47256221254125
11/24/24 22:00,28.169588685918445,66.26461945904796,2.6914384533537468,5,1,8,5,5.485926454501762
11/24/24 22:01,7.231658441124438,40.983940370912016,9.812844956280077,5,5,5,5,7.778378429942367
11/24/24 22:02,21.732959017355995,46.41959765133894,8.19811246708843,1,2,13,5,9.17037048903104
11/24/24 22:03,8.642758246154383,27.4050592085576,3.3288311375749493,3,10,12,3,7.189688846710879
11/24/24 22:04,11.357449448809295,46.01684961261723,3.638541589066043,3,4,8,2,4.952026777764694
11/24/24 22:05,6.394449402410183,27.230895527698618,6.6253251234851005,1,7,6,2,5.036566061689895
11/24/24 22:06,20.616971181407358,14.492298378595681,9.877929670850895,4,1,14,5,6.6931047921673255
11/24/24 22:07,14.51124499025116,78.86720717487293,8.042219118986523,1,7,12,4,8.445968534948392
11/24/24 22:08,23.764008107371968,87.69362384195799,9.756690653386336,3,8,11,1,6.69005355279882
11/24/24 22:09,20.265803958902758,2.128252457287231,6.255249605760177,5,5,12,2,4.219710522003373
11/24/24 22:10,5.553318208454664,10.07221725431989,2.0896620802911468,2,6,13,2,3.595883911104519
11/24/24 22:11,24.45291371314309,25.91082928345713,9.36777979858054,3,4,11,4,6.209808073681937
11/24/24 22:12,12.418937410981318,99.30877786012944,8.65261738231921,4,2,9,4,7.779311321994691
11/24/24 22:13,20.718417871166665,89.60459838443875,7.05584105269603,2,8,8,5,6.936196611339278
11/24/24 22:14,19.85189417214125,40.09861333141951,9.081120719245202,1,3,10,3,5.263744561251599
11/24/24 22:15,8.11767971957094,8.795539449821153,0.6876676075100794,4,8,13,4,3.782327288672522
11/24/24 22:16,12.388742726757823,75.9470860598821,3.1818082578629907,1,6,11,4,4.91537842667205
11/24/24 22:17,5.936726506402105,71.33381203475105,2.2965119702555388,5,7,8,2,7.212875437260822
11/24/24 22:18,25.71366920968191,38.56719388594202,2.2809474082619277,2,1,11,5,7.416986528547022
11/24/24 22:19,13.93634059600128,71.38457703616501,4.194877597919387,3,7,12,1,5.045410167198796
11/24/24 22:20,18.41999254194612,44.90030972938485,8.116443379020236,3,6,7,4,3.3263472584948897
11/24/24 22:21,24.909483538449674,74.93287955079138,3.5965217880962057,5,1,8,3,5.264627648226643
11/24/24 22:22,28.534854811643168,77.81457727743347,1.094158372807247,4,10,13,1,7.750650135578376
11/24/24 22:23,16.193282204621962,30.72808513066611,5.296408583117088,4,10,9,5,8.418261964165389
11/24/24 22:24,6.377266953155354,14.694220145609235,9.244562583323885,2,9,10,3,6.403717266627321
11/24/24 22:25,16.51590430546672,22.83047019437371,2.5866938995091786,1,7,15,2,3.8738286160330317
11/24/24 22:26,20.228611259503438,38.699492334436805,9.928348122515464,4,3,11,1,5.335589451670583
11/24/24 22:27,18.167889727554822,94.91644525220495,7.260278878578272,2,5,6,5,7.934652424437846
11/24/24 22:28,22.549361690169473,47.053628331250856,2.7747351693024247,1,3,8,4,9.488344308565146
11/24/24 22:29,18.183329044716302,35.57798630803331,4.6127883487601204,3,6,11,4,7.577220617268031
11/24/24 22:30,6.760821773010537,58.334711457994054,4.182904164383455,1,10,14,2,4.602283755393933
11/24/24 22:31,26.122898683368902,60.62830202201178,4.544772003481686,2,2,7,3,3.9361672764974083
11/24/24 22:32,12.740683521544565,52.89974171168306,4.649073262590082,2,9,10,4,6.405825401089175
11/24/24 22:33,17.219662421177922,95.97210618121797,3.7461218864559647,4,5,13,3,7.3885512784189205
11/24/24 22:34,12.324392250952588,24.826105525594944,2.2694687348518117,1,4,7,4,6.892350799235611
11/24/24 22:35,16.021175259224194,66.02043099008118,0.5091717946681259,1,2,14,2,4.099536834571637
11/24/24 22:36,11.446550586949026,73.75908936771881,5.570457410945266,1,9,10,5,3.116703011305322
11/24/24 22:37,22.744177569929345,14.260754692165085,9.183031466489991,1,8,5,1,5.495720288899726
11/24/24 22:38,7.499998084628263,59.424841507155584,6.737291149697182,4,3,13,1,8.046170194103707
11/24/24 22:39,12.689182477208387,38.106000117250126,2.405639186065005,2,10,12,4,8.001745922707586
11/24/24 22:40,22.592091967453918,8.385480206208378,6.575690482164831,5,8,9,3,5.243175839737415
11/24/24 22:41,22.315464729104512,74.78141187954326,8.908052009699789,4,8,14,1,4.040481023537295
11/24/24 22:42,21.076284875346193,39.213445702020124,9.155947614034455,4,7,6,5,4.7072194757006205
11/24/24 22:43,12.3252404038758,43.765628957413256,1.9671157024607369,1,8,12,4,7.227093420419439
11/24/24 22:44,9.461066220510169,44.35349369341241,7.152749219008045,2,4,6,2,8.504066996999484
11/24/24 22:45,23.812731484685752,5.567097199906338,8.578121677346829,1,10,14,4,6.050767798608745
11/24/24 22:46,12.273192596564293,88.92726343480666,6.252509593216017,3,6,14,2,4.1377125591659105
11/24/24 22:47,15.781314747815381,19.262082394047138,3.4186824129934545,1,7,15,5,5.339450640233661
11/24/24 22:48,27.772464666648265,24.128522928792822,2.002107309092462,1,4,10,4,7.4473161362782765
11/24/24 22:49,28.612778910483936,54.96647536218179,7.099739034891622,5,4,9,1,8.82609984503526
11/24/24 22:50,7.965336063643842,39.13205107121682,5.706878825926344,2,10,9,5,7.2483628699881395
11/24/24 22:51,5.67441756582394,27.639434954562788,2.113655728233814,3,8,10,2,4.958183618709572
11/24/24 22:52,13.162546436546062,74.71929279756841,8.634535962224124,2,8,5,1,4.966009701711126
11/24/24 22:53,26.900110351150673,18.774160279534957,0.19972527796901834,4,6,10,3,7.203570888826773
11/24/24 22:54,7.854575232409193,86.49505601002512,8.79823145666207,4,6,14,5,8.65831535720873
11/24/24 22:55,25.616864961224877,90.61329095952087,6.984802928471232,1,7,9,3,7.837077531882103
11/24/24 22:56,27.558144792432206,43.06532584707339,9.007402167931573,3,7,7,2,5.066620307004519
11/24/24 22:57,9.210174272439676,90.44166953812842,9.648291017923833,3,7,15,3,4.559590780566463
11/24/24 22:58,6.278922091841341,61.888344799142,5.101107285162841,4,7,12,1,6.893941146928562
11/24/24 22:59,13.519969239595982,50.190249738568234,0.6170081385410625,1,7,9,5,9.42251082562789
11/24/24 23:00,10.393709906358694,6.2763786933078185,5.087652557687807,5,8,13,5,8.743533145994332
11/24/24 23:01,28.668834056117465,4.422416519857065,7.932403061109988,2,5,14,4,5.984907798662118
11/24/24 23:02,27.04477904078917,54.16367568297261,1.056050222978156,5,10,6,1,4.156358749886287
11/24/24 23:03,8.190138609058565,58.44973557064975,5.48451398073724,3,9,9,5,5.481732188969382
11/24/24 23:04,23.206196224513494,71.03334581480901,0.8583180675787857,3,7,10,1,8.275436422420764
11/24/24 23:05,25.61479642512865,40.65589018125003,2.9644548797169263,2,2,8,2,8.810798505439271
11/24/24 23:06,12.293954951088816,51.31883749271784,9.071309080103633,2,6,7,3,6.4626221067005964
11/24/24 23:07,20.21493521770349,54.55494461907342,9.598223898277375,3,7,14,2,4.069781123648713
11/24/24 23:08,28.64385660762932,9.211726658899732,3.8128540524614962,1,1,14,1,4.597100999070455
11/24/24 23:09,29.302504642054345,24.279230165743023,9.87985011117705,2,1,8,3,6.861021514326659
11/24/24 23:10,21.40483411585373,71.19255352067789,0.7625123436052882,1,10,11,2,7.359706549600325
11/24/24 23:11,16.09924385960261,26.83577093381048,1.0883641149409675,4,1,15,5,5.716775768280175
11/24/24 23:12,23.374439785682185,18.825816395098887,5.262499959785706,3,5,14,2,3.879593808290554
11/24/24 23:13,20.95986290691056,6.457036676521517,9.066303402023252,1,2,12,1,4.351365892301956
11/24/24 23:14,16.956608535806083,77.68480701286464,2.938351871125321,1,5,5,5,7.039584134042529
11/24/24 23:15,9.698447045922912,25.363634845305103,0.6750482869841028,2,3,15,1,8.449738820386154
11/24/24 23:16,14.05595388114734,76.43172098622195,1.142433318571946,3,3,14,5,7.5094333938646765
11/24/24 23:17,20.943484739978423,94.09464904224734,8.459945385845765,4,3,6,2,4.9168956797605645
11/24/24 23:18,17.357233781676683,74.3781679987315,3.0730550468366875,5,9,12,3,4.131270512870446
11/24/24 23:19,25.280484427264227,76.3882812336674,7.1871542916255535,5,5,10,3,5.634883605885775
11/24/24 23:20,7.8730840065218946,77.13695566225124,9.321798453443844,4,8,11,3,7.972276280611945
11/24/24 23:21,8.555034001788618,96.51250834391497,2.1399726093108318,1,7,8,5,7.292716313822581
11/24/24 23:22,18.641061161833306,93.56619496312724,5.381564787917625,4,3,14,4,5.006242584438171
11/24/24 23:23,29.40431378173631,66.79886929783771,7.791842513637327,3,5,6,2,3.7704746227352985
11/24/24 23:24,13.034582561027001,59.62176476992204,6.583524447157864,1,7,14,1,6.066344317261341
11/24/24 23:25,20.977739893380797,22.00923972377838,0.38834731865253,4,9,11,4,8.340288700294018
11/24/24 23:26,17.47968822878407,4.438299484792104,3.053431321965703,2,8,7,4,8.030810473665072
11/24/24 23:27,16.97473226238879,75.56225724170284,3.956368964106114,2,6,8,3,5.504945133596798
11/24/24 23:28,8.672458650866222,70.9446230291907,3.394141390802378,3,10,10,1,3.020913767359025
11/24/24 23:29,9.108322516374344,21.108151265130374,2.2379843745318353,4,2,14,2,4.147327072564394
11/24/24 23:30,10.123836007816767,19.644778602179247,5.67462028099685,2,5,13,4,7.052063560549635
11/24/24 23:31,27.652079611108164,92.68450832003276,7.244583498803529,4,6,13,4,7.885728604126295
11/24/24 23:32,19.53371974095292,57.98542679640299,5.7669956388485994,2,5,6,1,6.557132781578645
11/24/24 23:33,26.359706530480295,2.429962469292278,9.187055564888832,5,1,12,3,3.8589557157761387
11/24/24 23:34,6.500454837595855,66.0299565817452,8.347343119249938,3,5,9,1,4.139237999692045
11/24/24 23:35,20.708458589548485,49.65570642848203,9.631530415287061,4,9,12,2,6.231477342177409
11/24/24 23:36,28.974959062404498,73.0667929457809,5.451321856765819,5,2,10,4,7.90746364928399
11/24/24 23:37,23.691329703545513,78.84003035702841,2.306650510375419,2,6,8,5,7.517924855201214
11/24/24 23:38,27.669616298633695,74.66688015468019,0.5750700091296859,5,1,14,4,5.3577471693765215
11/24/24 23:39,25.923739559315802,41.69059090836856,6.835484343345079,2,9,15,5,4.539366981738509
11/24/24 23:40,5.348531977886857,35.76549204021228,7.455265967785007,3,5,12,5,6.444678506390311
11/24/24 23:41,14.007859440673787,79.99622012109172,3.8894225518931647,2,1,8,1,8.515225259369616
11/24/24 23:42,9.927013683487491,55.95866227339785,8.46853210590832,3,9,5,3,7.783532497846395
11/24/24 23:43,12.414772131286432,91.25590814336023,1.6129492990467358,1,3,5,1,4.523950302821766
11/24/24 23:44,26.481302580369153,53.34534825923614,6.822083478752917,2,6,10,4,3.3940396379967908
11/24/24 23:45,7.139524769321898,31.02604134148594,9.1977499127828,4,3,12,4,4.611936755966552
11/24/24 23:46,27.428186812654527,35.692878229376475,3.379072269251828,2,1,7,3,7.047169565213274
11/24/24 23:47,10.674017750236063,93.92465738042903,2.674842600369097,4,7,14,1,6.826807038085542
11/24/24 23:48,18.807682272569835,27.988261157490584,7.448457905834575,1,6,8,5,4.675850629910878
11/24/24 23:49,19.09318036669926,95.34147627939127,5.583809709506791,2,2,14,2,3.011860804167944
11/24/24 23:50,10.601634873784253,13.134328370739986,5.506456562525745,2,7,5,4,4.245998819544793
11/24/24 23:51,27.469736322744964,32.553391404710794,2.2436521487455234,1,7,15,3,6.84509460008037
11/24/24 23:52,13.522466842393642,54.77375075578017,5.108440471017303,1,9,8,5,8.5007627454858
11/24/24 23:53,22.95216539978227,19.905746515901235,4.822972504555974,3,2,11,5,6.1859212566134465
11/24/24 23:54,11.92008323194764,10.081563615879897,8.86445012207175,5,3,14,3,3.5624994482199344
11/24/24 23:55,11.025283913246824,49.02475644935695,1.1702003607760971,5,4,7,3,4.403924273663088
11/24/24 23:56,25.70689972867552,69.95291121422265,3.192339170460365,4,10,6,2,6.9439157242715455
11/24/24 23:57,23.765136432718077,32.76763358312563,8.354084863098493,3,8,7,5,8.538570706486166
11/24/24 23:58,16.217622661447837,76.4615564389434,1.037057019635236,3,3,6,4,7.4452527083335065
11/24/24 23:59,25.9613166608902,1.356354406705409,3.534882529102227,2,5,9,5,5.190331997650921
11/25/24 00:00,26.505442340377883,76.94831048860442,2.689995796719255,3,8,7,1,5.004997721765092
11/25/24 00:01,11.379279304977567,56.31517197322378,3.591370403432518,4,7,15,5,7.556279278595159
11/25/24 00:02,8.92289457437739,37.56847159121412,6.740305145849024,5,9,6,3,9.906232437300247
11/25/24 00:03,6.557721202417694,64.4992502972934,4.867400209351669,3,8,15,3,9.274799808033965
11/25/24 00:04,7.409630552472075,7.394980131956602,8.23263170019777,3,5,7,3,6.490007930922923
11/25/24 00:05,14.78272083797693,96.05063227214063,1.2865639062071126,5,4,6,5,5.231586907391868
